framework,id,title,gqm_ref,linked_ids,uml_class,metric_ids,evidence_kind,proposed_uml_anchor,recommended_metric_ids,metric_repair_action,olir_exact_set,R1_Count,OLIR218_Count,Overlap_Count,semantic_review_status,evidence_question,independent_review_sampled,final_review_decision,final_metric_fit,final_uml_fit,final_crosswalk_fit,final_review_action,post_review_implementation_status,post_review_note
ISO27001:2022,A.5.1,Policies for Information Security,GQM-ISO-001,GV.OV-03;GV.PO-01;GV.PO-02,HumanFactorMetric,HF_AWARENESS;TCO_3Y,PolicyProcedureEvidence,EvidenceRequirement,,remove_current_metrics,no,3,1,1,INDEPENDENT_FRESH60_MINOR_REVISION,"What traceable evidence demonstrates that the outcome/control 'A.5.1 - Policies for Information Security' is implemented or satisfied within the declared scope, and what provenance supports that evidence?",yes,minor_revision,yes,yes,partial,revise_crosswalk,HUMAN_DIRECTED_REPAIR_IMPLEMENTED,Pruned 15-link policy expansion to primary GV.PO-01/GV.PO-02 while retaining GV.OV-03 as a reviewer-validated secondary oversight relation.
ISO27001:2022,A.5.2,Information Security Roles and Responsibilities,GQM-ISO-002,GV.SC-02;PR.AT-02,HumanFactorMetric,HF_AWARENESS;TCO_3Y,GovernanceDecisionEvidence,EvidenceRequirement,,remove_current_metrics,no,2,1,0,NOT_IN_FRESH60_INDEPENDENT_SAMPLE,"What traceable evidence demonstrates that the outcome/control 'A.5.2 - Information Security Roles and Responsibilities' is implemented or satisfied within the declared scope, and what provenance supports that evidence?",no,not_sampled,not_sampled,not_sampled,not_sampled,not_sampled,AUTHOR_QA_NOT_INDEPENDENTLY_SAMPLED,Not part of the fresh-60 independent semantic sample; structural/reciprocal updates may reflect human-directed changes from sampled endpoints.
ISO27001:2022,A.5.3,Segregation of Duties,GQM-ISO-003,GV.OC-05;PR.AA-05;PR.DS-01;PR.DS-02,HumanFactorMetric,HF_AWARENESS;TCO_3Y,IdentityAccessEvidence,EvidenceRequirement,,remove_current_metrics,no,4,1,0,INDEPENDENT_FRESH60_ACCEPT,"What traceable evidence demonstrates that the outcome/control 'A.5.3 - Segregation of Duties' is implemented or satisfied within the declared scope, and what provenance supports that evidence?",yes,accept,yes,yes,yes,retain,RETAINED_AFTER_INDEPENDENT_REVIEW,Independent fresh-60 final decision: accept; no semantic change required from the sampled row.
ISO27001:2022,A.5.4,Management Responsibilities,GQM-ISO-004,GV.RR-01;GV.SC-02,HumanFactorMetric,HF_AWARENESS;TCO_3Y,GovernanceDecisionEvidence,EvidenceRequirement,,remove_current_metrics,no,2,1,1,NOT_IN_FRESH60_INDEPENDENT_SAMPLE,"What traceable evidence demonstrates that the outcome/control 'A.5.4 - Management Responsibilities' is implemented or satisfied within the declared scope, and what provenance supports that evidence?",no,not_sampled,not_sampled,not_sampled,not_sampled,not_sampled,AUTHOR_QA_NOT_INDEPENDENTLY_SAMPLED,Not part of the fresh-60 independent semantic sample; structural/reciprocal updates may reflect human-directed changes from sampled endpoints.
ISO27001:2022,A.5.5,Contact With Authorities,GQM-ISO-005,,HumanFactorMetric,HF_AWARENESS;TCO_3Y,GovernanceDecisionEvidence,EvidenceRequirement,,remove_current_metrics,no,0,1,0,NOT_IN_FRESH60_INDEPENDENT_SAMPLE,"What traceable evidence demonstrates that the outcome/control 'A.5.5 - Contact With Authorities' is implemented or satisfied within the declared scope, and what provenance supports that evidence?",no,not_sampled,not_sampled,not_sampled,not_sampled,not_sampled,AUTHOR_QA_NOT_INDEPENDENTLY_SAMPLED,Not part of the fresh-60 independent semantic sample; structural/reciprocal updates may reflect human-directed changes from sampled endpoints.
ISO27001:2022,A.5.6,Contact With Special Interest Groups,GQM-ISO-006,,HumanFactorMetric,HF_AWARENESS;TCO_3Y,GovernanceDecisionEvidence,EvidenceRequirement,,remove_current_metrics,no,0,1,0,INDEPENDENT_FRESH60_ACCEPT,"What traceable evidence demonstrates that the outcome/control 'A.5.6 - Contact With Special Interest Groups' is implemented or satisfied within the declared scope, and what provenance supports that evidence?",yes,accept,yes,yes,yes,retain,RETAINED_AFTER_INDEPENDENT_REVIEW,Independent fresh-60 final decision: accept; no semantic change required from the sampled row.
ISO27001:2022,A.5.7,Threat Intelligence,GQM-ISO-007,DE.AE-07;ID.RA-02;ID.RA-03;ID.RA-05;ID.RA-06,HumanFactorMetric,HF_AWARENESS;TCO_3Y,RiskAssessmentEvidence,EvidenceRequirement,EP_EXPLOIT,replace,no,5,1,1,NOT_IN_FRESH60_INDEPENDENT_SAMPLE,"What traceable evidence demonstrates that the outcome/control 'A.5.7 - Threat Intelligence' is implemented or satisfied within the declared scope, and what provenance supports that evidence?",no,not_sampled,not_sampled,not_sampled,not_sampled,not_sampled,AUTHOR_QA_NOT_INDEPENDENTLY_SAMPLED,Not part of the fresh-60 independent semantic sample; structural/reciprocal updates may reflect human-directed changes from sampled endpoints.
ISO27001:2022,A.5.8,Information Security in Project Management,GQM-ISO-008,ID.AM-08,HumanFactorMetric,HF_AWARENESS;TCO_3Y,GovernanceDecisionEvidence,EvidenceRequirement,,remove_current_metrics,no,1,1,0,NOT_IN_FRESH60_INDEPENDENT_SAMPLE,"What traceable evidence demonstrates that the outcome/control 'A.5.8 - Information Security in Project Management' is implemented or satisfied within the declared scope, and what provenance supports that evidence?",no,not_sampled,not_sampled,not_sampled,not_sampled,not_sampled,AUTHOR_QA_NOT_INDEPENDENTLY_SAMPLED,Not part of the fresh-60 independent semantic sample; structural/reciprocal updates may reflect human-directed changes from sampled endpoints.
ISO27001:2022,A.5.9,Inventory of Information and Other Associated Assets,GQM-ISO-009,ID.AM-01;ID.AM-02;ID.AM-05;ID.AM-07;ID.AM-08;PR.PS-02;PR.PS-03,HumanFactorMetric,HF_AWARENESS;TCO_3Y,AssetInventoryEvidence,EvidenceRequirement,,remove_current_metrics,no,7,1,1,INDEPENDENT_FRESH60_ACCEPT,"What traceable evidence demonstrates that the outcome/control 'A.5.9 - Inventory of Information and Other Associated Assets' is implemented or satisfied within the declared scope, and what provenance supports that evidence?",yes,accept,yes,yes,yes,retain,RETAINED_AFTER_INDEPENDENT_REVIEW,Independent fresh-60 final decision: accept; no semantic change required from the sampled row.
ISO27001:2022,A.5.10,Acceptable Use of Information and Other Associated Assets,GQM-ISO-010,PR.DS-01;PR.DS-02,HumanFactorMetric,HF_AWARENESS;TCO_3Y,PolicyProcedureEvidence,EvidenceRequirement,,remove_current_metrics,no,2,1,1,NOT_IN_FRESH60_INDEPENDENT_SAMPLE,"What traceable evidence demonstrates that the outcome/control 'A.5.10 - Acceptable Use of Information and Other Associated Assets' is implemented or satisfied within the declared scope, and what provenance supports that evidence?",no,not_sampled,not_sampled,not_sampled,not_sampled,not_sampled,AUTHOR_QA_NOT_INDEPENDENTLY_SAMPLED,Not part of the fresh-60 independent semantic sample; structural/reciprocal updates may reflect human-directed changes from sampled endpoints.
ISO27001:2022,A.5.11,Return of Assets,GQM-ISO-011,,HumanFactorMetric,HF_AWARENESS;TCO_3Y,AssetInventoryEvidence,EvidenceRequirement,,remove_current_metrics,no,0,1,0,NOT_IN_FRESH60_INDEPENDENT_SAMPLE,"What traceable evidence demonstrates that the outcome/control 'A.5.11 - Return of Assets' is implemented or satisfied within the declared scope, and what provenance supports that evidence?",no,not_sampled,not_sampled,not_sampled,not_sampled,not_sampled,AUTHOR_QA_NOT_INDEPENDENTLY_SAMPLED,Not part of the fresh-60 independent semantic sample; structural/reciprocal updates may reflect human-directed changes from sampled endpoints.
ISO27001:2022,A.5.12,Classification of Information,GQM-ISO-012,ID.AM-05;ID.AM-08,HumanFactorMetric,HF_AWARENESS;TCO_3Y,PrivacyDataProtectionEvidence,EvidenceRequirement,,remove_current_metrics,no,2,1,0,INDEPENDENT_FRESH60_ACCEPT,"What traceable evidence demonstrates that the outcome/control 'A.5.12 - Classification of Information' is implemented or satisfied within the declared scope, and what provenance supports that evidence?",yes,accept,yes,yes,yes,retain,RETAINED_AFTER_INDEPENDENT_REVIEW,Independent fresh-60 final decision: accept; no semantic change required from the sampled row.
ISO27001:2022,A.5.13,Labelling of Information,GQM-ISO-013,ID.AM-05;ID.AM-08;PR.DS-01;PR.DS-02,HumanFactorMetric,HF_AWARENESS;TCO_3Y,PrivacyDataProtectionEvidence,EvidenceRequirement,,remove_current_metrics,no,4,1,1,NOT_IN_FRESH60_INDEPENDENT_SAMPLE,"What traceable evidence demonstrates that the outcome/control 'A.5.13 - Labelling of Information' is implemented or satisfied within the declared scope, and what provenance supports that evidence?",no,not_sampled,not_sampled,not_sampled,not_sampled,not_sampled,AUTHOR_QA_NOT_INDEPENDENTLY_SAMPLED,Not part of the fresh-60 independent semantic sample; structural/reciprocal updates may reflect human-directed changes from sampled endpoints.
ISO27001:2022,A.5.14,Information Transfer,GQM-ISO-014,ID.AM-03;PR.AA-05;PR.DS-01;PR.DS-02,HumanFactorMetric,HF_AWARENESS;TCO_3Y,PrivacyDataProtectionEvidence,EvidenceRequirement,,remove_current_metrics,no,4,1,1,NOT_IN_FRESH60_INDEPENDENT_SAMPLE,"What traceable evidence demonstrates that the outcome/control 'A.5.14 - Information Transfer' is implemented or satisfied within the declared scope, and what provenance supports that evidence?",no,not_sampled,not_sampled,not_sampled,not_sampled,not_sampled,AUTHOR_QA_NOT_INDEPENDENTLY_SAMPLED,Not part of the fresh-60 independent semantic sample; structural/reciprocal updates may reflect human-directed changes from sampled endpoints.
ISO27001:2022,A.5.15,Access Control,GQM-ISO-015,PR.AA-01;PR.AA-03;PR.AA-05;PR.DS-01;PR.DS-02,HumanFactorMetric,HF_AWARENESS;TCO_3Y,IdentityAccessEvidence,EvidenceRequirement,,remove_current_metrics,no,5,1,1,INDEPENDENT_FRESH60_ACCEPT,"What traceable evidence demonstrates that the outcome/control 'A.5.15 - Access Control' is implemented or satisfied within the declared scope, and what provenance supports that evidence?",yes,accept,yes,yes,yes,retain,RETAINED_AFTER_INDEPENDENT_REVIEW,Independent fresh-60 final decision: accept; no semantic change required from the sampled row.
ISO27001:2022,A.5.16,Identity Management,GQM-ISO-016,PR.AA-03;PR.AA-04;PR.AA-05,HumanFactorMetric,HF_AWARENESS;TCO_3Y,IdentityAccessEvidence,EvidenceRequirement,,remove_current_metrics,no,3,1,0,NOT_IN_FRESH60_INDEPENDENT_SAMPLE,"What traceable evidence demonstrates that the outcome/control 'A.5.16 - Identity Management' is implemented or satisfied within the declared scope, and what provenance supports that evidence?",no,not_sampled,not_sampled,not_sampled,not_sampled,not_sampled,AUTHOR_QA_NOT_INDEPENDENTLY_SAMPLED,Not part of the fresh-60 independent semantic sample; structural/reciprocal updates may reflect human-directed changes from sampled endpoints.
ISO27001:2022,A.5.17,Authentication Information,GQM-ISO-017,PR.AA-03;PR.AA-05,HumanFactorMetric,HF_AWARENESS;TCO_3Y,IdentityAccessEvidence,EvidenceRequirement,,remove_current_metrics,no,2,1,1,NOT_IN_FRESH60_INDEPENDENT_SAMPLE,"What traceable evidence demonstrates that the outcome/control 'A.5.17 - Authentication Information' is implemented or satisfied within the declared scope, and what provenance supports that evidence?",no,not_sampled,not_sampled,not_sampled,not_sampled,not_sampled,AUTHOR_QA_NOT_INDEPENDENTLY_SAMPLED,Not part of the fresh-60 independent semantic sample; structural/reciprocal updates may reflect human-directed changes from sampled endpoints.
ISO27001:2022,A.5.18,Access Rights,GQM-ISO-018,PR.AA-01;PR.AA-03;PR.AA-05,HumanFactorMetric,HF_AWARENESS;TCO_3Y,IdentityAccessEvidence,EvidenceRequirement,,remove_current_metrics,no,3,1,1,NOT_IN_FRESH60_INDEPENDENT_SAMPLE,"What traceable evidence demonstrates that the outcome/control 'A.5.18 - Access Rights' is implemented or satisfied within the declared scope, and what provenance supports that evidence?",no,not_sampled,not_sampled,not_sampled,not_sampled,not_sampled,AUTHOR_QA_NOT_INDEPENDENTLY_SAMPLED,Not part of the fresh-60 independent semantic sample; structural/reciprocal updates may reflect human-directed changes from sampled endpoints.
ISO27001:2022,A.5.19,Information Security in Supplier Relationships,GQM-ISO-019,GV.SC-01;GV.SC-04;GV.SC-05;GV.SC-07;GV.SC-10,HumanFactorMetric,HF_AWARENESS;TCO_3Y,SupplierThirdPartyEvidence,EvidenceRequirement,,remove_current_metrics,no,5,1,1,INDEPENDENT_FRESH60_MINOR_REVISION,"What traceable evidence demonstrates that the outcome/control 'A.5.19 - Information Security in Supplier Relationships' is implemented or satisfied within the declared scope, and what provenance supports that evidence?",yes,minor_revision,yes,yes,partial,revise_crosswalk,HUMAN_DIRECTED_REPAIR_IMPLEMENTED,Pruned broad governance/asset/risk links to primary supplier-risk relations; Step12K explicitly retained GV.SC-07 (direct) and GV.SC-10 (partial).
ISO27001:2022,A.5.20,Addressing Information Security Within Supplier Agreements,GQM-ISO-020,GV.OC-03;GV.OC-04;GV.SC-01;GV.SC-03;GV.SC-05;GV.SC-06;GV.SC-07;GV.SC-09;GV.SC-10;ID.RA-09;ID.RA-10,HumanFactorMetric,HF_AWARENESS;TCO_3Y,SupplierThirdPartyEvidence,EvidenceRequirement,,remove_current_metrics,no,11,1,1,NOT_IN_FRESH60_INDEPENDENT_SAMPLE,"What traceable evidence demonstrates that the outcome/control 'A.5.20 - Addressing Information Security Within Supplier Agreements' is implemented or satisfied within the declared scope, and what provenance supports that evidence?",no,not_sampled,not_sampled,not_sampled,not_sampled,not_sampled,AUTHOR_QA_NOT_INDEPENDENTLY_SAMPLED,Not part of the fresh-60 independent semantic sample; structural/reciprocal updates may reflect human-directed changes from sampled endpoints.
ISO27001:2022,A.5.21,Managing Information Security in the ICT Supply Chain,GQM-ISO-021,GV.SC-01;GV.SC-03;GV.SC-09;GV.SC-10,HumanFactorMetric,HF_AWARENESS;TCO_3Y,SupplierThirdPartyEvidence,EvidenceRequirement,,remove_current_metrics,no,4,1,1,NOT_IN_FRESH60_INDEPENDENT_SAMPLE,"What traceable evidence demonstrates that the outcome/control 'A.5.21 - Managing Information Security in the ICT Supply Chain' is implemented or satisfied within the declared scope, and what provenance supports that evidence?",no,not_sampled,not_sampled,not_sampled,not_sampled,not_sampled,AUTHOR_QA_NOT_INDEPENDENTLY_SAMPLED,Not part of the fresh-60 independent semantic sample; structural/reciprocal updates may reflect human-directed changes from sampled endpoints.
ISO27001:2022,A.5.22,"Monitoring, Review and Change Management of Supplier Services",GQM-ISO-022,DE.CM-06;GV.SC-01;GV.SC-04;GV.SC-09;GV.SC-10;ID.AM-04;ID.AM-08;ID.RA-02;ID.RA-09;ID.RA-10,HumanFactorMetric,HF_AWARENESS;TCO_3Y,SupplierThirdPartyEvidence,EvidenceRequirement,,remove_current_metrics,no,10,1,0,NOT_IN_FRESH60_INDEPENDENT_SAMPLE,"What traceable evidence demonstrates that the outcome/control 'A.5.22 - Monitoring, Review and Change Management of Supplier Services' is implemented or satisfied within the declared scope, and what provenance supports that evidence?",no,not_sampled,not_sampled,not_sampled,not_sampled,not_sampled,AUTHOR_QA_NOT_INDEPENDENTLY_SAMPLED,Not part of the fresh-60 independent semantic sample; structural/reciprocal updates may reflect human-directed changes from sampled endpoints.
ISO27001:2022,A.5.23,Information Security for Use of Cloud Services,GQM-ISO-023,,HumanFactorMetric,HF_AWARENESS;TCO_3Y,SupplierThirdPartyEvidence,EvidenceRequirement,,remove_current_metrics,no,0,1,0,INDEPENDENT_FRESH60_ACCEPT,"What traceable evidence demonstrates that the outcome/control 'A.5.23 - Information Security for Use of Cloud Services' is implemented or satisfied within the declared scope, and what provenance supports that evidence?",yes,accept,yes,yes,yes,retain,RETAINED_AFTER_INDEPENDENT_REVIEW,Independent fresh-60 final decision: accept; no semantic change required from the sampled row.
ISO27001:2022,A.5.24,Information Security Incident Management Planning and Preparation,GQM-ISO-024,DE.AE-02;ID.IM-04;RS.MA-02,HumanFactorMetric,HF_AWARENESS;TCO_3Y,IncidentResponseEvidence,EvidenceRequirement,,remove_current_metrics,no,3,1,0,NOT_IN_FRESH60_INDEPENDENT_SAMPLE,"What traceable evidence demonstrates that the outcome/control 'A.5.24 - Information Security Incident Management Planning and Preparation' is implemented or satisfied within the declared scope, and what provenance supports that evidence?",no,not_sampled,not_sampled,not_sampled,not_sampled,not_sampled,AUTHOR_QA_NOT_INDEPENDENTLY_SAMPLED,Not part of the fresh-60 independent semantic sample; structural/reciprocal updates may reflect human-directed changes from sampled endpoints.
ISO27001:2022,A.5.25,Assessment and Decision on Information Security Events,GQM-ISO-025,DE.AE-02;DE.AE-04;DE.AE-08;RS.AN-03;RS.AN-08;RS.MA-03;RS.MA-05,HumanFactorMetric,HF_AWARENESS;TCO_3Y,IncidentResponseEvidence,EvidenceRequirement,,remove_current_metrics,no,7,1,1,NOT_IN_FRESH60_INDEPENDENT_SAMPLE,"What traceable evidence demonstrates that the outcome/control 'A.5.25 - Assessment and Decision on Information Security Events' is implemented or satisfied within the declared scope, and what provenance supports that evidence?",no,not_sampled,not_sampled,not_sampled,not_sampled,not_sampled,AUTHOR_QA_NOT_INDEPENDENTLY_SAMPLED,Not part of the fresh-60 independent semantic sample; structural/reciprocal updates may reflect human-directed changes from sampled endpoints.
ISO27001:2022,A.5.26,Response to Information Security Incidents,GQM-ISO-026,DE.AE-06;DE.AE-08;GV.SC-08;ID.IM-04;RC.CO-03;RC.RP-01;RC.RP-02;RC.RP-05;RS.CO-02;RS.CO-03;RS.MA-01;RS.MA-02;RS.MA-04;RS.MI-01;RS.MI-02,HumanFactorMetric,HF_AWARENESS;TCO_3Y,IncidentResponseEvidence,EvidenceRequirement,,remove_current_metrics,no,15,1,1,NOT_IN_FRESH60_INDEPENDENT_SAMPLE,"What traceable evidence demonstrates that the outcome/control 'A.5.26 - Response to Information Security Incidents' is implemented or satisfied within the declared scope, and what provenance supports that evidence?",no,not_sampled,not_sampled,not_sampled,not_sampled,not_sampled,AUTHOR_QA_NOT_INDEPENDENTLY_SAMPLED,Not part of the fresh-60 independent semantic sample; structural/reciprocal updates may reflect human-directed changes from sampled endpoints.
ISO27001:2022,A.5.27,Learning From Information Security Incidents,GQM-ISO-027,ID.IM-03;ID.IM-04;RC.RP-06;RS.AN-03;RS.MA-01;RS.MA-02,HumanFactorMetric,HF_AWARENESS;TCO_3Y,IncidentResponseEvidence,EvidenceRequirement,,remove_current_metrics,no,6,1,0,NOT_IN_FRESH60_INDEPENDENT_SAMPLE,"What traceable evidence demonstrates that the outcome/control 'A.5.27 - Learning From Information Security Incidents' is implemented or satisfied within the declared scope, and what provenance supports that evidence?",no,not_sampled,not_sampled,not_sampled,not_sampled,not_sampled,AUTHOR_QA_NOT_INDEPENDENTLY_SAMPLED,Not part of the fresh-60 independent semantic sample; structural/reciprocal updates may reflect human-directed changes from sampled endpoints.
ISO27001:2022,A.5.28,Collection of Evidence,GQM-ISO-028,RS.AN-06;RS.AN-07;RS.MA-01;RS.MA-02,HumanFactorMetric,HF_AWARENESS;TCO_3Y,IncidentResponseEvidence,EvidenceRequirement,,remove_current_metrics,no,4,1,1,NOT_IN_FRESH60_INDEPENDENT_SAMPLE,"What traceable evidence demonstrates that the outcome/control 'A.5.28 - Collection of Evidence' is implemented or satisfied within the declared scope, and what provenance supports that evidence?",no,not_sampled,not_sampled,not_sampled,not_sampled,not_sampled,AUTHOR_QA_NOT_INDEPENDENTLY_SAMPLED,Not part of the fresh-60 independent semantic sample; structural/reciprocal updates may reflect human-directed changes from sampled endpoints.
ISO27001:2022,A.5.29,Information Security During Disruption,GQM-ISO-029,PR.IR-03,HumanFactorMetric,HF_AWARENESS;TCO_3Y,ContinuityResilienceEvidence,EvidenceRequirement,,remove_current_metrics,no,1,1,0,NOT_IN_FRESH60_INDEPENDENT_SAMPLE,"What traceable evidence demonstrates that the outcome/control 'A.5.29 - Information Security During Disruption' is implemented or satisfied within the declared scope, and what provenance supports that evidence?",no,not_sampled,not_sampled,not_sampled,not_sampled,not_sampled,AUTHOR_QA_NOT_INDEPENDENTLY_SAMPLED,Not part of the fresh-60 independent semantic sample; structural/reciprocal updates may reflect human-directed changes from sampled endpoints.
ISO27001:2022,A.5.30,ICT Readiness for Business Continuity,GQM-ISO-030,,HumanFactorMetric,HF_AWARENESS;TCO_3Y,ContinuityResilienceEvidence,EvidenceRequirement,,remove_current_metrics,no,0,1,0,NOT_IN_FRESH60_INDEPENDENT_SAMPLE,"What traceable evidence demonstrates that the outcome/control 'A.5.30 - ICT Readiness for Business Continuity' is implemented or satisfied within the declared scope, and what provenance supports that evidence?",no,not_sampled,not_sampled,not_sampled,not_sampled,not_sampled,AUTHOR_QA_NOT_INDEPENDENTLY_SAMPLED,Not part of the fresh-60 independent semantic sample; structural/reciprocal updates may reflect human-directed changes from sampled endpoints.
ISO27001:2022,A.5.31,"Legal, Statutory, Regulatory and Contractual Requirements",GQM-ISO-031,GV.OC-03;GV.OC-04;GV.SC-05;GV.SC-06;GV.SC-07,HumanFactorMetric,HF_AWARENESS;TCO_3Y,ComplianceAuditEvidence,EvidenceRequirement,,remove_current_metrics,no,5,1,0,INDEPENDENT_FRESH60_ACCEPT,"What traceable evidence demonstrates that the outcome/control 'A.5.31 - Legal, Statutory, Regulatory and Contractual Requirements' is implemented or satisfied within the declared scope, and what provenance supports that evidence?",yes,accept,yes,yes,yes,retain,RETAINED_AFTER_INDEPENDENT_REVIEW,Independent fresh-60 final decision: accept; no semantic change required from the sampled row.
ISO27001:2022,A.5.32,Intellectual Property Rights,GQM-ISO-032,,HumanFactorMetric,HF_AWARENESS;TCO_3Y,ComplianceAuditEvidence,EvidenceRequirement,,remove_current_metrics,no,0,1,0,NOT_IN_FRESH60_INDEPENDENT_SAMPLE,"What traceable evidence demonstrates that the outcome/control 'A.5.32 - Intellectual Property Rights' is implemented or satisfied within the declared scope, and what provenance supports that evidence?",no,not_sampled,not_sampled,not_sampled,not_sampled,not_sampled,AUTHOR_QA_NOT_INDEPENDENTLY_SAMPLED,Not part of the fresh-60 independent semantic sample; structural/reciprocal updates may reflect human-directed changes from sampled endpoints.
ISO27001:2022,A.5.33,Protection of Records,GQM-ISO-033,,HumanFactorMetric,HF_AWARENESS;TCO_3Y,PrivacyDataProtectionEvidence,EvidenceRequirement,,remove_current_metrics,no,0,1,0,INDEPENDENT_FRESH60_ACCEPT,"What traceable evidence demonstrates that the outcome/control 'A.5.33 - Protection of Records' is implemented or satisfied within the declared scope, and what provenance supports that evidence?",yes,accept,yes,yes,yes,retain,RETAINED_AFTER_INDEPENDENT_REVIEW,Independent fresh-60 final decision: accept; no semantic change required from the sampled row.
ISO27001:2022,A.5.34,Privacy and Protection of PII,GQM-ISO-034,,HumanFactorMetric,HF_AWARENESS;TCO_3Y,PrivacyDataProtectionEvidence,EvidenceRequirement,,remove_current_metrics,no,0,1,0,NOT_IN_FRESH60_INDEPENDENT_SAMPLE,"What traceable evidence demonstrates that the outcome/control 'A.5.34 - Privacy and Protection of PII' is implemented or satisfied within the declared scope, and what provenance supports that evidence?",no,not_sampled,not_sampled,not_sampled,not_sampled,not_sampled,AUTHOR_QA_NOT_INDEPENDENTLY_SAMPLED,Not part of the fresh-60 independent semantic sample; structural/reciprocal updates may reflect human-directed changes from sampled endpoints.
ISO27001:2022,A.5.35,Independent Review of Information Security,GQM-ISO-035,ID.IM-01;ID.IM-02,HumanFactorMetric,HF_AWARENESS;TCO_3Y,ComplianceAuditEvidence,EvidenceRequirement,,remove_current_metrics,no,2,1,0,NOT_IN_FRESH60_INDEPENDENT_SAMPLE,"What traceable evidence demonstrates that the outcome/control 'A.5.35 - Independent Review of Information Security' is implemented or satisfied within the declared scope, and what provenance supports that evidence?",no,not_sampled,not_sampled,not_sampled,not_sampled,not_sampled,AUTHOR_QA_NOT_INDEPENDENTLY_SAMPLED,Not part of the fresh-60 independent semantic sample; structural/reciprocal updates may reflect human-directed changes from sampled endpoints.
ISO27001:2022,A.5.36,"Compliance With Policies, Rules and Standards for Information Security",GQM-ISO-036,,HumanFactorMetric,HF_AWARENESS;TCO_3Y,ComplianceAuditEvidence,EvidenceRequirement,,remove_current_metrics,no,0,1,0,NOT_IN_FRESH60_INDEPENDENT_SAMPLE,"What traceable evidence demonstrates that the outcome/control 'A.5.36 - Compliance With Policies, Rules and Standards for Information Security' is implemented or satisfied within the declared scope, and what provenance supports that evidence?",no,not_sampled,not_sampled,not_sampled,not_sampled,not_sampled,AUTHOR_QA_NOT_INDEPENDENTLY_SAMPLED,Not part of the fresh-60 independent semantic sample; structural/reciprocal updates may reflect human-directed changes from sampled endpoints.
ISO27001:2022,A.5.37,Documented Operating Procedures,GQM-ISO-037,,HumanFactorMetric,HF_AWARENESS;TCO_3Y,PolicyProcedureEvidence,EvidenceRequirement,,remove_current_metrics,no,0,1,0,NOT_IN_FRESH60_INDEPENDENT_SAMPLE,"What traceable evidence demonstrates that the outcome/control 'A.5.37 - Documented Operating Procedures' is implemented or satisfied within the declared scope, and what provenance supports that evidence?",no,not_sampled,not_sampled,not_sampled,not_sampled,not_sampled,AUTHOR_QA_NOT_INDEPENDENTLY_SAMPLED,Not part of the fresh-60 independent semantic sample; structural/reciprocal updates may reflect human-directed changes from sampled endpoints.
ISO27001:2022,A.6.1,Screening,GQM-ISO-038,GV.RR-04;PR.DS-01;PR.DS-02,HumanFactorMetric,HF_AWARENESS;DR,PersonnelSecurityEvidence,EvidenceRequirement,,remove_current_metrics,no,3,1,0,NOT_IN_FRESH60_INDEPENDENT_SAMPLE,"What traceable evidence demonstrates that the outcome/control 'A.6.1 - Screening' is implemented or satisfied within the declared scope, and what provenance supports that evidence?",no,not_sampled,not_sampled,not_sampled,not_sampled,not_sampled,AUTHOR_QA_NOT_INDEPENDENTLY_SAMPLED,Not part of the fresh-60 independent semantic sample; structural/reciprocal updates may reflect human-directed changes from sampled endpoints.
ISO27001:2022,A.6.2,Terms and Conditions of Employment,GQM-ISO-039,GV.RR-04,HumanFactorMetric,HF_AWARENESS;DR,PersonnelSecurityEvidence,EvidenceRequirement,,remove_current_metrics,no,1,1,0,INDEPENDENT_FRESH60_MINOR_REVISION,"What traceable evidence demonstrates that the outcome/control 'A.6.2 - Terms and Conditions of Employment' is implemented or satisfied within the declared scope, and what provenance supports that evidence?",yes,minor_revision,yes,yes,partial,revise_crosswalk,HUMAN_DIRECTED_REPAIR_IMPLEMENTED,"Removed indirect PR.DS-01/02/10 links; retained GV.RR-04. No exact PR.AT subcategory was human-specified, so none was invented post hoc."
ISO27001:2022,A.6.3,"Information Security Awareness, Education and Training",GQM-ISO-040,GV.RR-04;PR.AT-01;PR.AT-02,HumanFactorMetric,HF_AWARENESS;DR,TrainingAwarenessEvidence,EvidenceRequirement,HF_AWARENESS,partial_replace,no,3,1,1,NOT_IN_FRESH60_INDEPENDENT_SAMPLE,"What traceable evidence demonstrates that the outcome/control 'A.6.3 - Information Security Awareness, Education and Training' is implemented or satisfied within the declared scope, and what provenance supports that evidence?",no,not_sampled,not_sampled,not_sampled,not_sampled,not_sampled,AUTHOR_QA_NOT_INDEPENDENTLY_SAMPLED,Not part of the fresh-60 independent semantic sample; structural/reciprocal updates may reflect human-directed changes from sampled endpoints.
ISO27001:2022,A.6.4,Disciplinary Process,GQM-ISO-041,GV.RR-04,HumanFactorMetric,HF_AWARENESS;DR,PersonnelSecurityEvidence,EvidenceRequirement,,remove_current_metrics,no,1,1,0,NOT_IN_FRESH60_INDEPENDENT_SAMPLE,"What traceable evidence demonstrates that the outcome/control 'A.6.4 - Disciplinary Process' is implemented or satisfied within the declared scope, and what provenance supports that evidence?",no,not_sampled,not_sampled,not_sampled,not_sampled,not_sampled,AUTHOR_QA_NOT_INDEPENDENTLY_SAMPLED,Not part of the fresh-60 independent semantic sample; structural/reciprocal updates may reflect human-directed changes from sampled endpoints.
ISO27001:2022,A.6.5,Responsibilities After Termination or Change of Employment,GQM-ISO-042,GV.RR-04;PR.DS-01;PR.DS-02,HumanFactorMetric,HF_AWARENESS;DR,PersonnelSecurityEvidence,EvidenceRequirement,,remove_current_metrics,no,3,1,0,NOT_IN_FRESH60_INDEPENDENT_SAMPLE,"What traceable evidence demonstrates that the outcome/control 'A.6.5 - Responsibilities After Termination or Change of Employment' is implemented or satisfied within the declared scope, and what provenance supports that evidence?",no,not_sampled,not_sampled,not_sampled,not_sampled,not_sampled,AUTHOR_QA_NOT_INDEPENDENTLY_SAMPLED,Not part of the fresh-60 independent semantic sample; structural/reciprocal updates may reflect human-directed changes from sampled endpoints.
ISO27001:2022,A.6.6,Confidentiality or Non-Disclosure Agreements,GQM-ISO-043,GV.RR-04,HumanFactorMetric,HF_AWARENESS;DR,PersonnelSecurityEvidence,EvidenceRequirement,,remove_current_metrics,no,1,1,0,INDEPENDENT_FRESH60_ACCEPT,"What traceable evidence demonstrates that the outcome/control 'A.6.6 - Confidentiality or Non-Disclosure Agreements' is implemented or satisfied within the declared scope, and what provenance supports that evidence?",yes,accept,yes,yes,yes,retain,RETAINED_AFTER_INDEPENDENT_REVIEW,Independent fresh-60 final decision: accept; no semantic change required from the sampled row.
ISO27001:2022,A.6.7,Remote Working,GQM-ISO-044,GV.RR-04,HumanFactorMetric,HF_AWARENESS;DR,PersonnelSecurityEvidence,EvidenceRequirement,,remove_current_metrics,no,1,1,0,NOT_IN_FRESH60_INDEPENDENT_SAMPLE,"What traceable evidence demonstrates that the outcome/control 'A.6.7 - Remote Working' is implemented or satisfied within the declared scope, and what provenance supports that evidence?",no,not_sampled,not_sampled,not_sampled,not_sampled,not_sampled,AUTHOR_QA_NOT_INDEPENDENTLY_SAMPLED,Not part of the fresh-60 independent semantic sample; structural/reciprocal updates may reflect human-directed changes from sampled endpoints.
ISO27001:2022,A.6.8,Information Security Event Reporting,GQM-ISO-045,GV.RR-04;RS.MA-02,HumanFactorMetric,HF_AWARENESS;DR,IncidentResponseEvidence,EvidenceRequirement,,remove_current_metrics,no,2,1,0,NOT_IN_FRESH60_INDEPENDENT_SAMPLE,"What traceable evidence demonstrates that the outcome/control 'A.6.8 - Information Security Event Reporting' is implemented or satisfied within the declared scope, and what provenance supports that evidence?",no,not_sampled,not_sampled,not_sampled,not_sampled,not_sampled,AUTHOR_QA_NOT_INDEPENDENTLY_SAMPLED,Not part of the fresh-60 independent semantic sample; structural/reciprocal updates may reflect human-directed changes from sampled endpoints.
ISO27001:2022,A.7.1,Physical Security Perimeters,GQM-ISO-046,PR.AA-06,ImpactLevel,IL_CIA;RRL_PORTFOLIO,PhysicalSecurityEvidence,EvidenceRequirement,,remove_current_metrics,yes,1,1,1,INDEPENDENT_FRESH60_ACCEPT,"What traceable evidence demonstrates that the outcome/control 'A.7.1 - Physical Security Perimeters' is implemented or satisfied within the declared scope, and what provenance supports that evidence?",yes,accept,yes,yes,yes,retain,RETAINED_AFTER_INDEPENDENT_REVIEW,Independent fresh-60 final decision: accept; no semantic change required from the sampled row.
ISO27001:2022,A.7.2,Physical Entry,GQM-ISO-047,PR.AA-06,ImpactLevel,IL_CIA;RRL_PORTFOLIO,PhysicalSecurityEvidence,EvidenceRequirement,,remove_current_metrics,yes,1,1,1,NOT_IN_FRESH60_INDEPENDENT_SAMPLE,"What traceable evidence demonstrates that the outcome/control 'A.7.2 - Physical Entry' is implemented or satisfied within the declared scope, and what provenance supports that evidence?",no,not_sampled,not_sampled,not_sampled,not_sampled,not_sampled,AUTHOR_QA_NOT_INDEPENDENTLY_SAMPLED,Not part of the fresh-60 independent semantic sample; structural/reciprocal updates may reflect human-directed changes from sampled endpoints.
ISO27001:2022,A.7.3,"Securing Offices, Rooms and Facilities",GQM-ISO-048,PR.AA-06,ImpactLevel,IL_CIA;RRL_PORTFOLIO,PhysicalSecurityEvidence,EvidenceRequirement,,remove_current_metrics,yes,1,1,1,NOT_IN_FRESH60_INDEPENDENT_SAMPLE,"What traceable evidence demonstrates that the outcome/control 'A.7.3 - Securing Offices, Rooms and Facilities' is implemented or satisfied within the declared scope, and what provenance supports that evidence?",no,not_sampled,not_sampled,not_sampled,not_sampled,not_sampled,AUTHOR_QA_NOT_INDEPENDENTLY_SAMPLED,Not part of the fresh-60 independent semantic sample; structural/reciprocal updates may reflect human-directed changes from sampled endpoints.
ISO27001:2022,A.7.4,Physical Security Monitoring,GQM-ISO-049,DE.CM-02;DE.CM-03;PR.AA-06,ImpactLevel,IL_CIA;RRL_PORTFOLIO,PhysicalSecurityEvidence,EvidenceRequirement,,remove_current_metrics,no,3,1,1,INDEPENDENT_FRESH60_ACCEPT,"What traceable evidence demonstrates that the outcome/control 'A.7.4 - Physical Security Monitoring' is implemented or satisfied within the declared scope, and what provenance supports that evidence?",yes,accept,yes,yes,yes,retain,RETAINED_AFTER_INDEPENDENT_REVIEW,Independent fresh-60 final decision: accept; no semantic change required from the sampled row.
ISO27001:2022,A.7.5,Protecting Against Physical and Environmental Threats,GQM-ISO-050,PR.IR-02,ImpactLevel,IL_CIA;RRL_PORTFOLIO,PhysicalSecurityEvidence,EvidenceRequirement,,remove_current_metrics,yes,1,1,1,NOT_IN_FRESH60_INDEPENDENT_SAMPLE,"What traceable evidence demonstrates that the outcome/control 'A.7.5 - Protecting Against Physical and Environmental Threats' is implemented or satisfied within the declared scope, and what provenance supports that evidence?",no,not_sampled,not_sampled,not_sampled,not_sampled,not_sampled,AUTHOR_QA_NOT_INDEPENDENTLY_SAMPLED,Not part of the fresh-60 independent semantic sample; structural/reciprocal updates may reflect human-directed changes from sampled endpoints.
ISO27001:2022,A.7.6,Working In Secure Areas,GQM-ISO-051,,ImpactLevel,IL_CIA;RRL_PORTFOLIO,PhysicalSecurityEvidence,EvidenceRequirement,,remove_current_metrics,no,0,1,0,INDEPENDENT_FRESH60_ACCEPT,"What traceable evidence demonstrates that the outcome/control 'A.7.6 - Working In Secure Areas' is implemented or satisfied within the declared scope, and what provenance supports that evidence?",yes,accept,yes,yes,yes,retain,RETAINED_AFTER_INDEPENDENT_REVIEW,Independent fresh-60 final decision: accept; no semantic change required from the sampled row.
ISO27001:2022,A.7.7,Clear Desk and Clear Screen,GQM-ISO-052,PR.DS-01,ImpactLevel,IL_CIA;RRL_PORTFOLIO,PhysicalSecurityEvidence,EvidenceRequirement,,remove_current_metrics,no,1,1,0,INDEPENDENT_FRESH60_ACCEPT,"What traceable evidence demonstrates that the outcome/control 'A.7.7 - Clear Desk and Clear Screen' is implemented or satisfied within the declared scope, and what provenance supports that evidence?",yes,accept,yes,yes,yes,retain,RETAINED_AFTER_INDEPENDENT_REVIEW,Independent fresh-60 final decision: accept; no semantic change required from the sampled row.
ISO27001:2022,A.7.8,Equipment Siting and Protection,GQM-ISO-053,,ImpactLevel,IL_CIA;RRL_PORTFOLIO,PhysicalSecurityEvidence,EvidenceRequirement,,remove_current_metrics,no,0,1,0,INDEPENDENT_FRESH60_ACCEPT,"What traceable evidence demonstrates that the outcome/control 'A.7.8 - Equipment Siting and Protection' is implemented or satisfied within the declared scope, and what provenance supports that evidence?",yes,accept,yes,yes,yes,retain,RETAINED_AFTER_INDEPENDENT_REVIEW,Independent fresh-60 final decision: accept; no semantic change required from the sampled row.
ISO27001:2022,A.7.9,Security of Assets Off-Premises,GQM-ISO-054,,ImpactLevel,IL_CIA;RRL_PORTFOLIO,PhysicalSecurityEvidence,EvidenceRequirement,,remove_current_metrics,no,0,1,0,NOT_IN_FRESH60_INDEPENDENT_SAMPLE,"What traceable evidence demonstrates that the outcome/control 'A.7.9 - Security of Assets Off-Premises' is implemented or satisfied within the declared scope, and what provenance supports that evidence?",no,not_sampled,not_sampled,not_sampled,not_sampled,not_sampled,AUTHOR_QA_NOT_INDEPENDENTLY_SAMPLED,Not part of the fresh-60 independent semantic sample; structural/reciprocal updates may reflect human-directed changes from sampled endpoints.
ISO27001:2022,A.7.10,Storage Media,GQM-ISO-055,ID.AM-08;PR.DS-01;PR.PS-03,ImpactLevel,IL_CIA;RRL_PORTFOLIO,PrivacyDataProtectionEvidence,EvidenceRequirement,,remove_current_metrics,no,3,1,1,INDEPENDENT_FRESH60_ACCEPT,"What traceable evidence demonstrates that the outcome/control 'A.7.10 - Storage Media' is implemented or satisfied within the declared scope, and what provenance supports that evidence?",yes,accept,yes,yes,yes,retain,RETAINED_AFTER_INDEPENDENT_REVIEW,Independent fresh-60 final decision: accept; no semantic change required from the sampled row.
ISO27001:2022,A.7.11,Supporting Utilities,GQM-ISO-056,,ImpactLevel,IL_CIA;RRL_PORTFOLIO,ContinuityResilienceEvidence,EvidenceRequirement,,remove_current_metrics,no,0,1,0,INDEPENDENT_FRESH60_ACCEPT,"What traceable evidence demonstrates that the outcome/control 'A.7.11 - Supporting Utilities' is implemented or satisfied within the declared scope, and what provenance supports that evidence?",yes,accept,yes,yes,yes,retain,RETAINED_AFTER_INDEPENDENT_REVIEW,Independent fresh-60 final decision: accept; no semantic change required from the sampled row.
ISO27001:2022,A.7.12,Cabling Security,GQM-ISO-057,PR.AA-06,ImpactLevel,IL_CIA;RRL_PORTFOLIO,PhysicalSecurityEvidence,EvidenceRequirement,,remove_current_metrics,no,1,1,0,NOT_IN_FRESH60_INDEPENDENT_SAMPLE,"What traceable evidence demonstrates that the outcome/control 'A.7.12 - Cabling Security' is implemented or satisfied within the declared scope, and what provenance supports that evidence?",no,not_sampled,not_sampled,not_sampled,not_sampled,not_sampled,AUTHOR_QA_NOT_INDEPENDENTLY_SAMPLED,Not part of the fresh-60 independent semantic sample; structural/reciprocal updates may reflect human-directed changes from sampled endpoints.
ISO27001:2022,A.7.13,Equipment Maintenance,GQM-ISO-058,ID.AM-08;PR.PS-03,ImpactLevel,IL_CIA;RRL_PORTFOLIO,PhysicalSecurityEvidence,EvidenceRequirement,,remove_current_metrics,no,2,1,0,NOT_IN_FRESH60_INDEPENDENT_SAMPLE,"What traceable evidence demonstrates that the outcome/control 'A.7.13 - Equipment Maintenance' is implemented or satisfied within the declared scope, and what provenance supports that evidence?",no,not_sampled,not_sampled,not_sampled,not_sampled,not_sampled,AUTHOR_QA_NOT_INDEPENDENTLY_SAMPLED,Not part of the fresh-60 independent semantic sample; structural/reciprocal updates may reflect human-directed changes from sampled endpoints.
ISO27001:2022,A.7.14,Secure Disposal or Re-Use of Equipment,GQM-ISO-059,ID.AM-08,ImpactLevel,IL_CIA;RRL_PORTFOLIO,AssetInventoryEvidence,EvidenceRequirement,,remove_current_metrics,no,1,1,0,NOT_IN_FRESH60_INDEPENDENT_SAMPLE,"What traceable evidence demonstrates that the outcome/control 'A.7.14 - Secure Disposal or Re-Use of Equipment' is implemented or satisfied within the declared scope, and what provenance supports that evidence?",no,not_sampled,not_sampled,not_sampled,not_sampled,not_sampled,AUTHOR_QA_NOT_INDEPENDENTLY_SAMPLED,Not part of the fresh-60 independent semantic sample; structural/reciprocal updates may reflect human-directed changes from sampled endpoints.
ISO27001:2022,A.8.1,User Endpoint Devices,GQM-ISO-060,,EventPotential,EP_EXPLOIT;DR;FPR;AUROC,PlatformConfigurationEvidence,EvidenceRequirement,,remove_current_metrics,no,0,1,0,NOT_IN_FRESH60_INDEPENDENT_SAMPLE,"What traceable evidence demonstrates that the outcome/control 'A.8.1 - User Endpoint Devices' is implemented or satisfied within the declared scope, and what provenance supports that evidence?",no,not_sampled,not_sampled,not_sampled,not_sampled,not_sampled,AUTHOR_QA_NOT_INDEPENDENTLY_SAMPLED,Not part of the fresh-60 independent semantic sample; structural/reciprocal updates may reflect human-directed changes from sampled endpoints.
ISO27001:2022,A.8.2,Privileged Access Rights,GQM-ISO-061,PR.AA-01;PR.AA-02;PR.AA-05;PR.DS-01;PR.DS-02;PR.DS-10,EventPotential,EP_EXPLOIT;DR;FPR;AUROC,IdentityAccessEvidence,EvidenceRequirement,,remove_current_metrics,no,6,1,1,INDEPENDENT_FRESH60_ACCEPT,"What traceable evidence demonstrates that the outcome/control 'A.8.2 - Privileged Access Rights' is implemented or satisfied within the declared scope, and what provenance supports that evidence?",yes,accept,yes,yes,yes,retain,RETAINED_AFTER_INDEPENDENT_REVIEW,Independent fresh-60 final decision: accept; no semantic change required from the sampled row.
ISO27001:2022,A.8.3,Information Access Restriction,GQM-ISO-062,PR.AA-02;PR.AA-05;PR.DS-01;PR.DS-02;PR.DS-10,EventPotential,EP_EXPLOIT;DR;FPR;AUROC,IdentityAccessEvidence,EvidenceRequirement,,remove_current_metrics,no,5,1,1,INDEPENDENT_FRESH60_ACCEPT,"What traceable evidence demonstrates that the outcome/control 'A.8.3 - Information Access Restriction' is implemented or satisfied within the declared scope, and what provenance supports that evidence?",yes,accept,yes,yes,yes,retain,RETAINED_AFTER_INDEPENDENT_REVIEW,Independent fresh-60 final decision: accept; no semantic change required from the sampled row.
ISO27001:2022,A.8.4,Access to Source Code,GQM-ISO-063,PR.AA-05;PR.DS-01;PR.DS-02;PR.PS-06,EventPotential,EP_EXPLOIT;DR;FPR;AUROC,IdentityAccessEvidence,EvidenceRequirement,,remove_current_metrics,no,4,1,1,INDEPENDENT_FRESH60_MINOR_REVISION,"What traceable evidence demonstrates that the outcome/control 'A.8.4 - Access to Source Code' is implemented or satisfied within the declared scope, and what provenance supports that evidence?",yes,minor_revision,yes,yes,partial,revise_crosswalk,HUMAN_DIRECTED_REPAIR_IMPLEMENTED,Added PR.AA-05 and PR.PS-06; removed PR.DS-10 per Step12K; retained PR.DS-01/02 as secondary protection boundaries.
ISO27001:2022,A.8.5,Secure Authentication,GQM-ISO-064,PR.AA-01;PR.AA-02;PR.AA-03;PR.AA-05,EventPotential,EP_EXPLOIT;DR;FPR;AUROC,IdentityAccessEvidence,EvidenceRequirement,,remove_current_metrics,no,4,1,1,INDEPENDENT_FRESH60_ACCEPT,"What traceable evidence demonstrates that the outcome/control 'A.8.5 - Secure Authentication' is implemented or satisfied within the declared scope, and what provenance supports that evidence?",yes,accept,yes,yes,yes,retain,RETAINED_AFTER_INDEPENDENT_REVIEW,Independent fresh-60 final decision: accept; no semantic change required from the sampled row.
ISO27001:2022,A.8.6,Capacity Management,GQM-ISO-065,PR.IR-04,EventPotential,EP_EXPLOIT;DR;FPR;AUROC,ContinuityResilienceEvidence,EvidenceRequirement,,remove_current_metrics,no,1,1,0,NOT_IN_FRESH60_INDEPENDENT_SAMPLE,"What traceable evidence demonstrates that the outcome/control 'A.8.6 - Capacity Management' is implemented or satisfied within the declared scope, and what provenance supports that evidence?",no,not_sampled,not_sampled,not_sampled,not_sampled,not_sampled,AUTHOR_QA_NOT_INDEPENDENTLY_SAMPLED,Not part of the fresh-60 independent semantic sample; structural/reciprocal updates may reflect human-directed changes from sampled endpoints.
ISO27001:2022,A.8.7,Protection Against Malware,GQM-ISO-066,PR.DS-01,EventPotential,EP_EXPLOIT;DR;FPR;AUROC,PlatformConfigurationEvidence,EvidenceRequirement,,remove_current_metrics,no,1,1,0,NOT_IN_FRESH60_INDEPENDENT_SAMPLE,"What traceable evidence demonstrates that the outcome/control 'A.8.7 - Protection Against Malware' is implemented or satisfied within the declared scope, and what provenance supports that evidence?",no,not_sampled,not_sampled,not_sampled,not_sampled,not_sampled,AUTHOR_QA_NOT_INDEPENDENTLY_SAMPLED,Not part of the fresh-60 independent semantic sample; structural/reciprocal updates may reflect human-directed changes from sampled endpoints.
ISO27001:2022,A.8.8,Management of Technical Vulnerabilities,GQM-ISO-067,ID.RA-01;PR.DS-01,EventPotential,EP_EXPLOIT;DR;FPR;AUROC,RiskAssessmentEvidence,EvidenceRequirement,EP_EXPLOIT,partial_replace,no,2,1,0,NOT_IN_FRESH60_INDEPENDENT_SAMPLE,"What traceable evidence demonstrates that the outcome/control 'A.8.8 - Management of Technical Vulnerabilities' is implemented or satisfied within the declared scope, and what provenance supports that evidence?",no,not_sampled,not_sampled,not_sampled,not_sampled,not_sampled,AUTHOR_QA_NOT_INDEPENDENTLY_SAMPLED,Not part of the fresh-60 independent semantic sample; structural/reciprocal updates may reflect human-directed changes from sampled endpoints.
ISO27001:2022,A.8.9,Configuration Management,GQM-ISO-068,PR.PS-01,EventPotential,EP_EXPLOIT;DR;FPR;AUROC,PlatformConfigurationEvidence,EvidenceRequirement,,remove_current_metrics,yes,1,1,1,NOT_IN_FRESH60_INDEPENDENT_SAMPLE,"What traceable evidence demonstrates that the outcome/control 'A.8.9 - Configuration Management' is implemented or satisfied within the declared scope, and what provenance supports that evidence?",no,not_sampled,not_sampled,not_sampled,not_sampled,not_sampled,AUTHOR_QA_NOT_INDEPENDENTLY_SAMPLED,Not part of the fresh-60 independent semantic sample; structural/reciprocal updates may reflect human-directed changes from sampled endpoints.
ISO27001:2022,A.8.10,Information Deletion,GQM-ISO-069,,EventPotential,EP_EXPLOIT;DR;FPR;AUROC,PrivacyDataProtectionEvidence,EvidenceRequirement,,remove_current_metrics,no,0,1,0,NOT_IN_FRESH60_INDEPENDENT_SAMPLE,"What traceable evidence demonstrates that the outcome/control 'A.8.10 - Information Deletion' is implemented or satisfied within the declared scope, and what provenance supports that evidence?",no,not_sampled,not_sampled,not_sampled,not_sampled,not_sampled,AUTHOR_QA_NOT_INDEPENDENTLY_SAMPLED,Not part of the fresh-60 independent semantic sample; structural/reciprocal updates may reflect human-directed changes from sampled endpoints.
ISO27001:2022,A.8.11,Data Masking,GQM-ISO-070,,EventPotential,EP_EXPLOIT;DR;FPR;AUROC,PrivacyDataProtectionEvidence,EvidenceRequirement,,remove_current_metrics,no,0,1,0,NOT_IN_FRESH60_INDEPENDENT_SAMPLE,"What traceable evidence demonstrates that the outcome/control 'A.8.11 - Data Masking' is implemented or satisfied within the declared scope, and what provenance supports that evidence?",no,not_sampled,not_sampled,not_sampled,not_sampled,not_sampled,AUTHOR_QA_NOT_INDEPENDENTLY_SAMPLED,Not part of the fresh-60 independent semantic sample; structural/reciprocal updates may reflect human-directed changes from sampled endpoints.
ISO27001:2022,A.8.12,Data Leakage Prevention,GQM-ISO-071,,EventPotential,EP_EXPLOIT;DR;FPR;AUROC,PrivacyDataProtectionEvidence,EvidenceRequirement,,remove_current_metrics,no,0,1,0,NOT_IN_FRESH60_INDEPENDENT_SAMPLE,"What traceable evidence demonstrates that the outcome/control 'A.8.12 - Data Leakage Prevention' is implemented or satisfied within the declared scope, and what provenance supports that evidence?",no,not_sampled,not_sampled,not_sampled,not_sampled,not_sampled,AUTHOR_QA_NOT_INDEPENDENTLY_SAMPLED,Not part of the fresh-60 independent semantic sample; structural/reciprocal updates may reflect human-directed changes from sampled endpoints.
ISO27001:2022,A.8.13,Information Backup,GQM-ISO-072,PR.DS-11;RC.RP-03;RC.RP-06,EventPotential,EP_EXPLOIT;DR;FPR;AUROC,ContinuityResilienceEvidence,EvidenceRequirement,,remove_current_metrics,no,3,1,0,INDEPENDENT_FRESH60_ACCEPT,"What traceable evidence demonstrates that the outcome/control 'A.8.13 - Information Backup' is implemented or satisfied within the declared scope, and what provenance supports that evidence?",yes,accept,yes,yes,yes,retain,RETAINED_AFTER_INDEPENDENT_REVIEW,Independent fresh-60 final decision: accept; no semantic change required from the sampled row.
ISO27001:2022,A.8.14,Redundancy of Information Processing Facilities,GQM-ISO-073,PR.IR-03,EventPotential,EP_EXPLOIT;DR;FPR;AUROC,ContinuityResilienceEvidence,EvidenceRequirement,,remove_current_metrics,yes,1,1,1,INDEPENDENT_FRESH60_ACCEPT,"What traceable evidence demonstrates that the outcome/control 'A.8.14 - Redundancy of Information Processing Facilities' is implemented or satisfied within the declared scope, and what provenance supports that evidence?",yes,accept,yes,yes,yes,retain,RETAINED_AFTER_INDEPENDENT_REVIEW,Independent fresh-60 final decision: accept; no semantic change required from the sampled row.
ISO27001:2022,A.8.15,Logging,GQM-ISO-074,DE.AE-03;PR.PS-04,EventPotential,EP_EXPLOIT;DR;FPR;AUROC,MonitoringDetectionEvidence,EvidenceRequirement,EP_FREQ,replace,no,2,1,0,INDEPENDENT_FRESH60_ACCEPT,"What traceable evidence demonstrates that the outcome/control 'A.8.15 - Logging' is implemented or satisfied within the declared scope, and what provenance supports that evidence?",yes,accept,yes,yes,yes,retain,RETAINED_AFTER_INDEPENDENT_REVIEW,Independent fresh-60 final decision: accept; no semantic change required from the sampled row.
ISO27001:2022,A.8.16,Monitoring Activities,GQM-ISO-075,DE.AE-03;DE.CM-01;DE.CM-03;DE.CM-06;DE.CM-09;ID.RA-02;ID.RA-03,EventPotential,EP_EXPLOIT;DR;FPR;AUROC,MonitoringDetectionEvidence,EvidenceRequirement,EP_FREQ;DR;FPR,partial_replace,no,7,1,1,INDEPENDENT_FRESH60_ACCEPT,"What traceable evidence demonstrates that the outcome/control 'A.8.16 - Monitoring Activities' is implemented or satisfied within the declared scope, and what provenance supports that evidence?",yes,accept,yes,yes,yes,retain,RETAINED_AFTER_INDEPENDENT_REVIEW,Independent fresh-60 final decision: accept; no semantic change required from the sampled row.
ISO27001:2022,A.8.17,Clock Synchronization,GQM-ISO-076,PR.DS-01;PR.DS-02;PR.PS-04,EventPotential,EP_EXPLOIT;DR;FPR;AUROC,PlatformConfigurationEvidence,EvidenceRequirement,,remove_current_metrics,no,3,1,0,NOT_IN_FRESH60_INDEPENDENT_SAMPLE,"What traceable evidence demonstrates that the outcome/control 'A.8.17 - Clock Synchronization' is implemented or satisfied within the declared scope, and what provenance supports that evidence?",no,not_sampled,not_sampled,not_sampled,not_sampled,not_sampled,AUTHOR_QA_NOT_INDEPENDENTLY_SAMPLED,Not part of the fresh-60 independent semantic sample; structural/reciprocal updates may reflect human-directed changes from sampled endpoints.
ISO27001:2022,A.8.18,Use of Privileged Utility Programs,GQM-ISO-077,PR.AA-05,EventPotential,EP_EXPLOIT;DR;FPR;AUROC,IdentityAccessEvidence,EvidenceRequirement,,remove_current_metrics,yes,1,1,1,INDEPENDENT_FRESH60_ACCEPT,"What traceable evidence demonstrates that the outcome/control 'A.8.18 - Use of Privileged Utility Programs' is implemented or satisfied within the declared scope, and what provenance supports that evidence?",yes,accept,yes,yes,yes,retain,RETAINED_AFTER_INDEPENDENT_REVIEW,Independent fresh-60 final decision: accept; no semantic change required from the sampled row.
ISO27001:2022,A.8.19,Installation of Software on Operational Systems,GQM-ISO-078,PR.DS-01;PR.PS-05,EventPotential,EP_EXPLOIT;DR;FPR;AUROC,PlatformConfigurationEvidence,EvidenceRequirement,,remove_current_metrics,no,2,1,1,NOT_IN_FRESH60_INDEPENDENT_SAMPLE,"What traceable evidence demonstrates that the outcome/control 'A.8.19 - Installation of Software on Operational Systems' is implemented or satisfied within the declared scope, and what provenance supports that evidence?",no,not_sampled,not_sampled,not_sampled,not_sampled,not_sampled,AUTHOR_QA_NOT_INDEPENDENTLY_SAMPLED,Not part of the fresh-60 independent semantic sample; structural/reciprocal updates may reflect human-directed changes from sampled endpoints.
ISO27001:2022,A.8.20,Network Security,GQM-ISO-079,ID.AM-03;PR.DS-02;PR.IR-01,EventPotential,EP_EXPLOIT;DR;FPR;AUROC,NetworkSecurityEvidence,EvidenceRequirement,,remove_current_metrics,no,3,1,1,NOT_IN_FRESH60_INDEPENDENT_SAMPLE,"What traceable evidence demonstrates that the outcome/control 'A.8.20 - Network Security' is implemented or satisfied within the declared scope, and what provenance supports that evidence?",no,not_sampled,not_sampled,not_sampled,not_sampled,not_sampled,AUTHOR_QA_NOT_INDEPENDENTLY_SAMPLED,Not part of the fresh-60 independent semantic sample; structural/reciprocal updates may reflect human-directed changes from sampled endpoints.
ISO27001:2022,A.8.21,Security of Network Services,GQM-ISO-080,ID.AM-03;PR.IR-01,EventPotential,EP_EXPLOIT;DR;FPR;AUROC,NetworkSecurityEvidence,EvidenceRequirement,,remove_current_metrics,no,2,1,1,NOT_IN_FRESH60_INDEPENDENT_SAMPLE,"What traceable evidence demonstrates that the outcome/control 'A.8.21 - Security of Network Services' is implemented or satisfied within the declared scope, and what provenance supports that evidence?",no,not_sampled,not_sampled,not_sampled,not_sampled,not_sampled,AUTHOR_QA_NOT_INDEPENDENTLY_SAMPLED,Not part of the fresh-60 independent semantic sample; structural/reciprocal updates may reflect human-directed changes from sampled endpoints.
ISO27001:2022,A.8.22,Segregation of Networks,GQM-ISO-081,ID.AM-03;PR.DS-01;PR.DS-02;PR.IR-01,EventPotential,EP_EXPLOIT;DR;FPR;AUROC,NetworkSecurityEvidence,EvidenceRequirement,,remove_current_metrics,no,4,1,1,NOT_IN_FRESH60_INDEPENDENT_SAMPLE,"What traceable evidence demonstrates that the outcome/control 'A.8.22 - Segregation of Networks' is implemented or satisfied within the declared scope, and what provenance supports that evidence?",no,not_sampled,not_sampled,not_sampled,not_sampled,not_sampled,AUTHOR_QA_NOT_INDEPENDENTLY_SAMPLED,Not part of the fresh-60 independent semantic sample; structural/reciprocal updates may reflect human-directed changes from sampled endpoints.
ISO27001:2022,A.8.23,Web Filtering,GQM-ISO-082,,EventPotential,EP_EXPLOIT;DR;FPR;AUROC,NetworkSecurityEvidence,EvidenceRequirement,,remove_current_metrics,no,0,1,0,NOT_IN_FRESH60_INDEPENDENT_SAMPLE,"What traceable evidence demonstrates that the outcome/control 'A.8.23 - Web Filtering' is implemented or satisfied within the declared scope, and what provenance supports that evidence?",no,not_sampled,not_sampled,not_sampled,not_sampled,not_sampled,AUTHOR_QA_NOT_INDEPENDENTLY_SAMPLED,Not part of the fresh-60 independent semantic sample; structural/reciprocal updates may reflect human-directed changes from sampled endpoints.
ISO27001:2022,A.8.24,Use of Cryptography,GQM-ISO-083,PR.DS-10,EventPotential,EP_EXPLOIT;DR;FPR;AUROC,PrivacyDataProtectionEvidence,EvidenceRequirement,,remove_current_metrics,no,1,1,0,NOT_IN_FRESH60_INDEPENDENT_SAMPLE,"What traceable evidence demonstrates that the outcome/control 'A.8.24 - Use of Cryptography' is implemented or satisfied within the declared scope, and what provenance supports that evidence?",no,not_sampled,not_sampled,not_sampled,not_sampled,not_sampled,AUTHOR_QA_NOT_INDEPENDENTLY_SAMPLED,Not part of the fresh-60 independent semantic sample; structural/reciprocal updates may reflect human-directed changes from sampled endpoints.
ISO27001:2022,A.8.25,Secure Development Life Cycle,GQM-ISO-084,PR.PS-06,EventPotential,EP_EXPLOIT;DR;FPR;AUROC,SecureDevelopmentEvidence,EvidenceRequirement,,remove_current_metrics,yes,1,1,1,NOT_IN_FRESH60_INDEPENDENT_SAMPLE,"What traceable evidence demonstrates that the outcome/control 'A.8.25 - Secure Development Life Cycle' is implemented or satisfied within the declared scope, and what provenance supports that evidence?",no,not_sampled,not_sampled,not_sampled,not_sampled,not_sampled,AUTHOR_QA_NOT_INDEPENDENTLY_SAMPLED,Not part of the fresh-60 independent semantic sample; structural/reciprocal updates may reflect human-directed changes from sampled endpoints.
ISO27001:2022,A.8.26,Application Security Requirements,GQM-ISO-085,PR.DS-01;PR.DS-02;PR.PS-06,EventPotential,EP_EXPLOIT;DR;FPR;AUROC,SecureDevelopmentEvidence,EvidenceRequirement,,remove_current_metrics,no,3,1,1,INDEPENDENT_FRESH60_MINOR_REVISION,"What traceable evidence demonstrates that the outcome/control 'A.8.26 - Application Security Requirements' is implemented or satisfied within the declared scope, and what provenance supports that evidence?",yes,minor_revision,yes,yes,partial,revise_crosswalk,HUMAN_DIRECTED_REPAIR_IMPLEMENTED,Added PR.PS-06; removed PR.DS-10 per Step12K; retained PR.DS-01/PR.DS-02 as secondary data-protection relations.
ISO27001:2022,A.8.27,Secure System Architecture and Engineering Principles,GQM-ISO-086,,EventPotential,EP_EXPLOIT;DR;FPR;AUROC,SecureDevelopmentEvidence,EvidenceRequirement,,remove_current_metrics,no,0,1,0,NOT_IN_FRESH60_INDEPENDENT_SAMPLE,"What traceable evidence demonstrates that the outcome/control 'A.8.27 - Secure System Architecture and Engineering Principles' is implemented or satisfied within the declared scope, and what provenance supports that evidence?",no,not_sampled,not_sampled,not_sampled,not_sampled,not_sampled,AUTHOR_QA_NOT_INDEPENDENTLY_SAMPLED,Not part of the fresh-60 independent semantic sample; structural/reciprocal updates may reflect human-directed changes from sampled endpoints.
ISO27001:2022,A.8.28,Secure Coding,GQM-ISO-087,PR.PS-06,EventPotential,EP_EXPLOIT;DR;FPR;AUROC,SecureDevelopmentEvidence,EvidenceRequirement,,remove_current_metrics,yes,1,1,1,INDEPENDENT_FRESH60_ACCEPT,"What traceable evidence demonstrates that the outcome/control 'A.8.28 - Secure Coding' is implemented or satisfied within the declared scope, and what provenance supports that evidence?",yes,accept,yes,yes,yes,retain,RETAINED_AFTER_INDEPENDENT_REVIEW,Independent fresh-60 final decision: accept; no semantic change required from the sampled row.
ISO27001:2022,A.8.29,Security Testing in Development and Acceptance,GQM-ISO-088,,EventPotential,EP_EXPLOIT;DR;FPR;AUROC,SecureDevelopmentEvidence,EvidenceRequirement,,remove_current_metrics,no,0,1,0,NOT_IN_FRESH60_INDEPENDENT_SAMPLE,"What traceable evidence demonstrates that the outcome/control 'A.8.29 - Security Testing in Development and Acceptance' is implemented or satisfied within the declared scope, and what provenance supports that evidence?",no,not_sampled,not_sampled,not_sampled,not_sampled,not_sampled,AUTHOR_QA_NOT_INDEPENDENTLY_SAMPLED,Not part of the fresh-60 independent semantic sample; structural/reciprocal updates may reflect human-directed changes from sampled endpoints.
ISO27001:2022,A.8.30,Outsourced Development,GQM-ISO-089,,EventPotential,EP_EXPLOIT;DR;FPR;AUROC,SecureDevelopmentEvidence,EvidenceRequirement,,remove_current_metrics,no,0,1,0,NOT_IN_FRESH60_INDEPENDENT_SAMPLE,"What traceable evidence demonstrates that the outcome/control 'A.8.30 - Outsourced Development' is implemented or satisfied within the declared scope, and what provenance supports that evidence?",no,not_sampled,not_sampled,not_sampled,not_sampled,not_sampled,AUTHOR_QA_NOT_INDEPENDENTLY_SAMPLED,Not part of the fresh-60 independent semantic sample; structural/reciprocal updates may reflect human-directed changes from sampled endpoints.
ISO27001:2022,A.8.31,"Separation of Development, Test and Production Environments",GQM-ISO-090,,EventPotential,EP_EXPLOIT;DR;FPR;AUROC,SecureDevelopmentEvidence,EvidenceRequirement,,remove_current_metrics,no,0,1,0,NOT_IN_FRESH60_INDEPENDENT_SAMPLE,"What traceable evidence demonstrates that the outcome/control 'A.8.31 - Separation of Development, Test and Production Environments' is implemented or satisfied within the declared scope, and what provenance supports that evidence?",no,not_sampled,not_sampled,not_sampled,not_sampled,not_sampled,AUTHOR_QA_NOT_INDEPENDENTLY_SAMPLED,Not part of the fresh-60 independent semantic sample; structural/reciprocal updates may reflect human-directed changes from sampled endpoints.
ISO27001:2022,A.8.32,Change Management,GQM-ISO-091,ID.RA-07,EventPotential,EP_EXPLOIT;DR;FPR;AUROC,PlatformConfigurationEvidence,EvidenceRequirement,,remove_current_metrics,no,1,1,0,NOT_IN_FRESH60_INDEPENDENT_SAMPLE,"What traceable evidence demonstrates that the outcome/control 'A.8.32 - Change Management' is implemented or satisfied within the declared scope, and what provenance supports that evidence?",no,not_sampled,not_sampled,not_sampled,not_sampled,not_sampled,AUTHOR_QA_NOT_INDEPENDENTLY_SAMPLED,Not part of the fresh-60 independent semantic sample; structural/reciprocal updates may reflect human-directed changes from sampled endpoints.
ISO27001:2022,A.8.33,Test Information,GQM-ISO-092,,EventPotential,EP_EXPLOIT;DR;FPR;AUROC,PrivacyDataProtectionEvidence,EvidenceRequirement,,remove_current_metrics,no,0,1,0,NOT_IN_FRESH60_INDEPENDENT_SAMPLE,"What traceable evidence demonstrates that the outcome/control 'A.8.33 - Test Information' is implemented or satisfied within the declared scope, and what provenance supports that evidence?",no,not_sampled,not_sampled,not_sampled,not_sampled,not_sampled,AUTHOR_QA_NOT_INDEPENDENTLY_SAMPLED,Not part of the fresh-60 independent semantic sample; structural/reciprocal updates may reflect human-directed changes from sampled endpoints.
ISO27001:2022,A.8.34,Protection of Information Systems During Audit Testing,GQM-ISO-093,,EventPotential,EP_EXPLOIT;DR;FPR;AUROC,ComplianceAuditEvidence,EvidenceRequirement,,remove_current_metrics,no,0,1,0,NOT_IN_FRESH60_INDEPENDENT_SAMPLE,"What traceable evidence demonstrates that the outcome/control 'A.8.34 - Protection of Information Systems During Audit Testing' is implemented or satisfied within the declared scope, and what provenance supports that evidence?",no,not_sampled,not_sampled,not_sampled,not_sampled,not_sampled,AUTHOR_QA_NOT_INDEPENDENTLY_SAMPLED,Not part of the fresh-60 independent semantic sample; structural/reciprocal updates may reflect human-directed changes from sampled endpoints.
NIST-CSF-2.0,GV.OC-01,The organizational mission is understood and informs cybersecurity risk management,GQM-CSF-001,,AssetValue,AV_MONETARY;EP_FREQ;HF_AWARENESS,GovernanceDecisionEvidence,EvidenceRequirement,,remove_current_metrics,yes,0,0,0,INDEPENDENT_FRESH60_ACCEPT,"What traceable evidence demonstrates that the outcome/control 'GV.OC-01 - The organizational mission is understood and informs cybersecurity risk management' is implemented or satisfied within the declared scope, and what provenance supports that evidence?",yes,accept,yes,yes,yes,retain,RETAINED_AFTER_INDEPENDENT_REVIEW,Independent fresh-60 final decision: accept; no semantic change required from the sampled row.
NIST-CSF-2.0,GV.OC-02,"Internal and external stakeholders are understood, and their needs and expectations regarding cybersecurity risk management are understood and considered",GQM-CSF-002,,AssetValue,AV_MONETARY;EP_FREQ;HF_AWARENESS,GovernanceDecisionEvidence,EvidenceRequirement,,remove_current_metrics,yes,0,0,0,INDEPENDENT_FRESH60_ACCEPT,"What traceable evidence demonstrates that the outcome/control 'GV.OC-02 - Internal and external stakeholders are understood, and their needs and expectations regarding cybersecurity risk management are understood and considered' is implemented or satisfied within the declared scope, and what provenance supports that evidence?",yes,accept,yes,yes,yes,retain,RETAINED_AFTER_INDEPENDENT_REVIEW,Independent fresh-60 final decision: accept; no semantic change required from the sampled row.
NIST-CSF-2.0,GV.OC-03,"Legal, regulatory, and contractual requirements regarding cybersecurity - including privacy and civil liberties obligations - are understood and managed",GQM-CSF-003,A.5.20;A.5.31,AssetValue,AV_MONETARY;EP_FREQ;HF_AWARENESS,GovernanceDecisionEvidence,EvidenceRequirement,,remove_current_metrics,no,2,0,0,NOT_IN_FRESH60_INDEPENDENT_SAMPLE,"What traceable evidence demonstrates that the outcome/control 'GV.OC-03 - Legal, regulatory, and contractual requirements regarding cybersecurity - including privacy and civil liberties obligations - are understood and managed' is implemented or satisfied within the declared scope, and what provenance supports that evidence?",no,not_sampled,not_sampled,not_sampled,not_sampled,not_sampled,AUTHOR_QA_NOT_INDEPENDENTLY_SAMPLED,Not part of the fresh-60 independent semantic sample; structural/reciprocal updates may reflect human-directed changes from sampled endpoints.
NIST-CSF-2.0,GV.OC-04,"Critical objectives, capabilities, and services that external stakeholders depend on or expect from the organization are understood and communicated",GQM-CSF-004,A.5.20;A.5.31,AssetValue,AV_MONETARY;EP_FREQ;HF_AWARENESS,GovernanceDecisionEvidence,EvidenceRequirement,,remove_current_metrics,no,2,0,0,NOT_IN_FRESH60_INDEPENDENT_SAMPLE,"What traceable evidence demonstrates that the outcome/control 'GV.OC-04 - Critical objectives, capabilities, and services that external stakeholders depend on or expect from the organization are understood and communicated' is implemented or satisfied within the declared scope, and what provenance supports that evidence?",no,not_sampled,not_sampled,not_sampled,not_sampled,not_sampled,AUTHOR_QA_NOT_INDEPENDENTLY_SAMPLED,Not part of the fresh-60 independent semantic sample; structural/reciprocal updates may reflect human-directed changes from sampled endpoints.
NIST-CSF-2.0,GV.OC-05,"Outcomes, capabilities, and services that the organization depends on are understood and communicated",GQM-CSF-005,A.5.3,AssetValue,AV_MONETARY;EP_FREQ;HF_AWARENESS,GovernanceDecisionEvidence,EvidenceRequirement,,remove_current_metrics,no,1,1,0,NOT_IN_FRESH60_INDEPENDENT_SAMPLE,"What traceable evidence demonstrates that the outcome/control 'GV.OC-05 - Outcomes, capabilities, and services that the organization depends on are understood and communicated' is implemented or satisfied within the declared scope, and what provenance supports that evidence?",no,not_sampled,not_sampled,not_sampled,not_sampled,not_sampled,AUTHOR_QA_NOT_INDEPENDENTLY_SAMPLED,Not part of the fresh-60 independent semantic sample; structural/reciprocal updates may reflect human-directed changes from sampled endpoints.
NIST-CSF-2.0,GV.RM-01,Risk management objectives are established and agreed to by organizational stakeholders,GQM-CSF-006,,AssetValue,AV_MONETARY;EP_FREQ;HF_AWARENESS,RiskAssessmentEvidence,EvidenceRequirement,,remove_current_metrics,yes,0,0,0,NOT_IN_FRESH60_INDEPENDENT_SAMPLE,"What traceable evidence demonstrates that the outcome/control 'GV.RM-01 - Risk management objectives are established and agreed to by organizational stakeholders' is implemented or satisfied within the declared scope, and what provenance supports that evidence?",no,not_sampled,not_sampled,not_sampled,not_sampled,not_sampled,AUTHOR_QA_NOT_INDEPENDENTLY_SAMPLED,Not part of the fresh-60 independent semantic sample; structural/reciprocal updates may reflect human-directed changes from sampled endpoints.
NIST-CSF-2.0,GV.RM-02,"Risk appetite and risk tolerance statements are established, communicated, and maintained",GQM-CSF-007,,AssetValue,AV_MONETARY;EP_FREQ;HF_AWARENESS,RiskAssessmentEvidence,EvidenceRequirement,,remove_current_metrics,yes,0,0,0,NOT_IN_FRESH60_INDEPENDENT_SAMPLE,"What traceable evidence demonstrates that the outcome/control 'GV.RM-02 - Risk appetite and risk tolerance statements are established, communicated, and maintained' is implemented or satisfied within the declared scope, and what provenance supports that evidence?",no,not_sampled,not_sampled,not_sampled,not_sampled,not_sampled,AUTHOR_QA_NOT_INDEPENDENTLY_SAMPLED,Not part of the fresh-60 independent semantic sample; structural/reciprocal updates may reflect human-directed changes from sampled endpoints.
NIST-CSF-2.0,GV.RM-03,Cybersecurity risk management activities and outcomes are included in enterprise risk management processes,GQM-CSF-008,,AssetValue,AV_MONETARY;EP_FREQ;HF_AWARENESS,RiskAssessmentEvidence,EvidenceRequirement,,remove_current_metrics,yes,0,0,0,NOT_IN_FRESH60_INDEPENDENT_SAMPLE,"What traceable evidence demonstrates that the outcome/control 'GV.RM-03 - Cybersecurity risk management activities and outcomes are included in enterprise risk management processes' is implemented or satisfied within the declared scope, and what provenance supports that evidence?",no,not_sampled,not_sampled,not_sampled,not_sampled,not_sampled,AUTHOR_QA_NOT_INDEPENDENTLY_SAMPLED,Not part of the fresh-60 independent semantic sample; structural/reciprocal updates may reflect human-directed changes from sampled endpoints.
NIST-CSF-2.0,GV.RM-04,Strategic direction that describes appropriate risk response options is established and communicated,GQM-CSF-009,,AssetValue,AV_MONETARY;EP_FREQ;HF_AWARENESS,RiskAssessmentEvidence,EvidenceRequirement,RRL_PORTFOLIO,replace,yes,0,0,0,NOT_IN_FRESH60_INDEPENDENT_SAMPLE,"What traceable evidence demonstrates that the outcome/control 'GV.RM-04 - Strategic direction that describes appropriate risk response options is established and communicated' is implemented or satisfied within the declared scope, and what provenance supports that evidence?",no,not_sampled,not_sampled,not_sampled,not_sampled,not_sampled,AUTHOR_QA_NOT_INDEPENDENTLY_SAMPLED,Not part of the fresh-60 independent semantic sample; structural/reciprocal updates may reflect human-directed changes from sampled endpoints.
NIST-CSF-2.0,GV.RM-05,"Lines of communication across the organization are established for cybersecurity risks, including risks from suppliers and other third parties",GQM-CSF-010,,AssetValue,AV_MONETARY;EP_FREQ;HF_AWARENESS,RiskAssessmentEvidence,EvidenceRequirement,,remove_current_metrics,yes,0,0,0,NOT_IN_FRESH60_INDEPENDENT_SAMPLE,"What traceable evidence demonstrates that the outcome/control 'GV.RM-05 - Lines of communication across the organization are established for cybersecurity risks, including risks from suppliers and other third parties' is implemented or satisfied within the declared scope, and what provenance supports that evidence?",no,not_sampled,not_sampled,not_sampled,not_sampled,not_sampled,AUTHOR_QA_NOT_INDEPENDENTLY_SAMPLED,Not part of the fresh-60 independent semantic sample; structural/reciprocal updates may reflect human-directed changes from sampled endpoints.
NIST-CSF-2.0,GV.RM-06,"A standardized method for calculating, documenting, categorizing, and prioritizing cybersecurity risks is established and communicated",GQM-CSF-011,,AssetValue,AV_MONETARY;EP_FREQ;HF_AWARENESS,RiskAssessmentEvidence,EvidenceRequirement,,remove_current_metrics,yes,0,0,0,NOT_IN_FRESH60_INDEPENDENT_SAMPLE,"What traceable evidence demonstrates that the outcome/control 'GV.RM-06 - A standardized method for calculating, documenting, categorizing, and prioritizing cybersecurity risks is established and communicated' is implemented or satisfied within the declared scope, and what provenance supports that evidence?",no,not_sampled,not_sampled,not_sampled,not_sampled,not_sampled,AUTHOR_QA_NOT_INDEPENDENTLY_SAMPLED,Not part of the fresh-60 independent semantic sample; structural/reciprocal updates may reflect human-directed changes from sampled endpoints.
NIST-CSF-2.0,GV.RM-07,"Strategic opportunities (i.e., positive risks) are characterized and are included in organizational cybersecurity risk discussions",GQM-CSF-012,,AssetValue,AV_MONETARY;EP_FREQ;HF_AWARENESS,RiskAssessmentEvidence,EvidenceRequirement,,remove_current_metrics,yes,0,0,0,NOT_IN_FRESH60_INDEPENDENT_SAMPLE,"What traceable evidence demonstrates that the outcome/control 'GV.RM-07 - Strategic opportunities (i.e., positive risks) are characterized and are included in organizational cybersecurity risk discussions' is implemented or satisfied within the declared scope, and what provenance supports that evidence?",no,not_sampled,not_sampled,not_sampled,not_sampled,not_sampled,AUTHOR_QA_NOT_INDEPENDENTLY_SAMPLED,Not part of the fresh-60 independent semantic sample; structural/reciprocal updates may reflect human-directed changes from sampled endpoints.
NIST-CSF-2.0,GV.RR-01,"Organizational leadership is responsible and accountable for cybersecurity risk and fosters a culture that is risk-aware, ethical, and continually improving",GQM-CSF-013,A.5.4,AssetValue,AV_MONETARY;EP_FREQ;HF_AWARENESS,GovernanceDecisionEvidence,EvidenceRequirement,,remove_current_metrics,yes,1,1,1,INDEPENDENT_FRESH60_ACCEPT,"What traceable evidence demonstrates that the outcome/control 'GV.RR-01 - Organizational leadership is responsible and accountable for cybersecurity risk and fosters a culture that is risk-aware, ethical, and continually improving' is implemented or satisfied within the declared scope, and what provenance supports that evidence?",yes,accept,yes,yes,yes,retain,RETAINED_AFTER_INDEPENDENT_REVIEW,Independent fresh-60 final decision: accept; no semantic change required from the sampled row.
NIST-CSF-2.0,GV.RR-02,"Roles, responsibilities, and authorities related to cybersecurity risk management are established, communicated, understood, and enforced",GQM-CSF-014,,AssetValue,AV_MONETARY;EP_FREQ;HF_AWARENESS,GovernanceDecisionEvidence,EvidenceRequirement,,remove_current_metrics,no,0,2,0,NOT_IN_FRESH60_INDEPENDENT_SAMPLE,"What traceable evidence demonstrates that the outcome/control 'GV.RR-02 - Roles, responsibilities, and authorities related to cybersecurity risk management are established, communicated, understood, and enforced' is implemented or satisfied within the declared scope, and what provenance supports that evidence?",no,not_sampled,not_sampled,not_sampled,not_sampled,not_sampled,AUTHOR_QA_NOT_INDEPENDENTLY_SAMPLED,Not part of the fresh-60 independent semantic sample; structural/reciprocal updates may reflect human-directed changes from sampled endpoints.
NIST-CSF-2.0,GV.RR-03,"Adequate resources are allocated commensurate with the cybersecurity risk strategy, roles, responsibilities, and policies",GQM-CSF-015,,AssetValue,AV_MONETARY;EP_FREQ;HF_AWARENESS,GovernanceDecisionEvidence,EvidenceRequirement,,remove_current_metrics,no,0,1,0,NOT_IN_FRESH60_INDEPENDENT_SAMPLE,"What traceable evidence demonstrates that the outcome/control 'GV.RR-03 - Adequate resources are allocated commensurate with the cybersecurity risk strategy, roles, responsibilities, and policies' is implemented or satisfied within the declared scope, and what provenance supports that evidence?",no,not_sampled,not_sampled,not_sampled,not_sampled,not_sampled,AUTHOR_QA_NOT_INDEPENDENTLY_SAMPLED,Not part of the fresh-60 independent semantic sample; structural/reciprocal updates may reflect human-directed changes from sampled endpoints.
NIST-CSF-2.0,GV.RR-04,Cybersecurity is included in human resources practices,GQM-CSF-016,A.6.1;A.6.2;A.6.3;A.6.4;A.6.5;A.6.6;A.6.7;A.6.8,AssetValue,AV_MONETARY;EP_FREQ;HF_AWARENESS,PersonnelSecurityEvidence,EvidenceRequirement,,remove_current_metrics,no,8,0,0,NOT_IN_FRESH60_INDEPENDENT_SAMPLE,"What traceable evidence demonstrates that the outcome/control 'GV.RR-04 - Cybersecurity is included in human resources practices' is implemented or satisfied within the declared scope, and what provenance supports that evidence?",no,not_sampled,not_sampled,not_sampled,not_sampled,not_sampled,AUTHOR_QA_NOT_INDEPENDENTLY_SAMPLED,Not part of the fresh-60 independent semantic sample; structural/reciprocal updates may reflect human-directed changes from sampled endpoints.
NIST-CSF-2.0,GV.PO-01,"Policy for managing cybersecurity risks is established based on organizational context, cybersecurity strategy, and priorities and is communicated and enforced",GQM-CSF-017,A.5.1,AssetValue,AV_MONETARY;EP_FREQ;HF_AWARENESS,PolicyProcedureEvidence,EvidenceRequirement,,remove_current_metrics,no,1,8,1,NOT_IN_FRESH60_INDEPENDENT_SAMPLE,"What traceable evidence demonstrates that the outcome/control 'GV.PO-01 - Policy for managing cybersecurity risks is established based on organizational context, cybersecurity strategy, and priorities and is communicated and enforced' is implemented or satisfied within the declared scope, and what provenance supports that evidence?",no,not_sampled,not_sampled,not_sampled,not_sampled,not_sampled,AUTHOR_QA_NOT_INDEPENDENTLY_SAMPLED,Not part of the fresh-60 independent semantic sample; structural/reciprocal updates may reflect human-directed changes from sampled endpoints.
NIST-CSF-2.0,GV.PO-02,"Policy for managing cybersecurity risks is reviewed, updated, communicated, and enforced to reflect changes in requirements, threats, technology, and organizational mission",GQM-CSF-018,A.5.1,AssetValue,AV_MONETARY;EP_FREQ;HF_AWARENESS,PolicyProcedureEvidence,EvidenceRequirement,,remove_current_metrics,no,1,3,0,INDEPENDENT_FRESH60_ACCEPT,"What traceable evidence demonstrates that the outcome/control 'GV.PO-02 - Policy for managing cybersecurity risks is reviewed, updated, communicated, and enforced to reflect changes in requirements, threats, technology, and organizational mission' is implemented or satisfied within the declared scope, and what provenance supports that evidence?",yes,accept,yes,yes,yes,retain,RETAINED_AFTER_INDEPENDENT_REVIEW,Independent fresh-60 final decision: accept; no semantic change required from the sampled row.
NIST-CSF-2.0,GV.OV-01,Cybersecurity risk management strategy outcomes are reviewed to inform and adjust strategy and direction,GQM-CSF-019,,AssetValue,AV_MONETARY;EP_FREQ;HF_AWARENESS,ComplianceAuditEvidence,EvidenceRequirement,,remove_current_metrics,no,0,3,0,NOT_IN_FRESH60_INDEPENDENT_SAMPLE,"What traceable evidence demonstrates that the outcome/control 'GV.OV-01 - Cybersecurity risk management strategy outcomes are reviewed to inform and adjust strategy and direction' is implemented or satisfied within the declared scope, and what provenance supports that evidence?",no,not_sampled,not_sampled,not_sampled,not_sampled,not_sampled,AUTHOR_QA_NOT_INDEPENDENTLY_SAMPLED,Not part of the fresh-60 independent semantic sample; structural/reciprocal updates may reflect human-directed changes from sampled endpoints.
NIST-CSF-2.0,GV.OV-02,The cybersecurity risk management strategy is reviewed and adjusted to ensure coverage of organizational requirements and risks,GQM-CSF-020,,AssetValue,AV_MONETARY;EP_FREQ;HF_AWARENESS,ComplianceAuditEvidence,EvidenceRequirement,,remove_current_metrics,no,0,3,0,NOT_IN_FRESH60_INDEPENDENT_SAMPLE,"What traceable evidence demonstrates that the outcome/control 'GV.OV-02 - The cybersecurity risk management strategy is reviewed and adjusted to ensure coverage of organizational requirements and risks' is implemented or satisfied within the declared scope, and what provenance supports that evidence?",no,not_sampled,not_sampled,not_sampled,not_sampled,not_sampled,AUTHOR_QA_NOT_INDEPENDENTLY_SAMPLED,Not part of the fresh-60 independent semantic sample; structural/reciprocal updates may reflect human-directed changes from sampled endpoints.
NIST-CSF-2.0,GV.OV-03,Organizational cybersecurity risk management performance is evaluated and reviewed for adjustments needed,GQM-CSF-021,A.5.1,AssetValue,AV_MONETARY;EP_FREQ;HF_AWARENESS,ComplianceAuditEvidence,EvidenceRequirement,,remove_current_metrics,no,1,3,0,INDEPENDENT_FRESH60_MINOR_REVISION,"What traceable evidence demonstrates that the outcome/control 'GV.OV-03 - Organizational cybersecurity risk management performance is evaluated and reviewed for adjustments needed' is implemented or satisfied within the declared scope, and what provenance supports that evidence?",yes,minor_revision,yes,yes,partial,revise_crosswalk,HUMAN_DIRECTED_REPAIR_IMPLEMENTED,Pruned supplier-specific A.5.19/A.5.20; retained A.5.1. ISO Clause 9 references were not injected because the 199-row catalog is Annex-A/CSF scoped.
NIST-CSF-2.0,GV.SC-01,"A cybersecurity supply chain risk management program, strategy, objectives, policies, and processes are established and agreed to by organizational stakeholders",GQM-CSF-022,A.5.19;A.5.20;A.5.21;A.5.22,AssetValue,AV_MONETARY;EP_FREQ;HF_AWARENESS,SupplierThirdPartyEvidence,EvidenceRequirement,,remove_current_metrics,no,4,2,2,NOT_IN_FRESH60_INDEPENDENT_SAMPLE,"What traceable evidence demonstrates that the outcome/control 'GV.SC-01 - A cybersecurity supply chain risk management program, strategy, objectives, policies, and processes are established and agreed to by organizational stakeholders' is implemented or satisfied within the declared scope, and what provenance supports that evidence?",no,not_sampled,not_sampled,not_sampled,not_sampled,not_sampled,AUTHOR_QA_NOT_INDEPENDENTLY_SAMPLED,Not part of the fresh-60 independent semantic sample; structural/reciprocal updates may reflect human-directed changes from sampled endpoints.
NIST-CSF-2.0,GV.SC-02,"Cybersecurity roles and responsibilities for suppliers, customers, and partners are established, communicated, and coordinated internally and externally",GQM-CSF-023,A.5.2;A.5.4,AssetValue,AV_MONETARY;EP_FREQ;HF_AWARENESS,SupplierThirdPartyEvidence,EvidenceRequirement,,remove_current_metrics,no,2,0,0,NOT_IN_FRESH60_INDEPENDENT_SAMPLE,"What traceable evidence demonstrates that the outcome/control 'GV.SC-02 - Cybersecurity roles and responsibilities for suppliers, customers, and partners are established, communicated, and coordinated internally and externally' is implemented or satisfied within the declared scope, and what provenance supports that evidence?",no,not_sampled,not_sampled,not_sampled,not_sampled,not_sampled,AUTHOR_QA_NOT_INDEPENDENTLY_SAMPLED,Not part of the fresh-60 independent semantic sample; structural/reciprocal updates may reflect human-directed changes from sampled endpoints.
NIST-CSF-2.0,GV.SC-03,"Cybersecurity supply chain risk management is integrated into cybersecurity and enterprise risk management, risk assessment, and improvement processes",GQM-CSF-024,A.5.20;A.5.21,AssetValue,AV_MONETARY;EP_FREQ;HF_AWARENESS,SupplierThirdPartyEvidence,EvidenceRequirement,,remove_current_metrics,no,2,0,0,NOT_IN_FRESH60_INDEPENDENT_SAMPLE,"What traceable evidence demonstrates that the outcome/control 'GV.SC-03 - Cybersecurity supply chain risk management is integrated into cybersecurity and enterprise risk management, risk assessment, and improvement processes' is implemented or satisfied within the declared scope, and what provenance supports that evidence?",no,not_sampled,not_sampled,not_sampled,not_sampled,not_sampled,AUTHOR_QA_NOT_INDEPENDENTLY_SAMPLED,Not part of the fresh-60 independent semantic sample; structural/reciprocal updates may reflect human-directed changes from sampled endpoints.
NIST-CSF-2.0,GV.SC-04,Suppliers are known and prioritized by criticality,GQM-CSF-025,A.5.19;A.5.22,AssetValue,AV_MONETARY;EP_FREQ;HF_AWARENESS,SupplierThirdPartyEvidence,EvidenceRequirement,,remove_current_metrics,no,2,0,0,INDEPENDENT_FRESH60_ACCEPT,"What traceable evidence demonstrates that the outcome/control 'GV.SC-04 - Suppliers are known and prioritized by criticality' is implemented or satisfied within the declared scope, and what provenance supports that evidence?",yes,accept,yes,yes,yes,retain,RETAINED_AFTER_INDEPENDENT_REVIEW,Independent fresh-60 final decision: accept; no semantic change required from the sampled row.
NIST-CSF-2.0,GV.SC-05,"Requirements to address cybersecurity risks in supply chains are established, prioritized, and integrated into contracts and other types of agreements with suppliers and other relevant third parties",GQM-CSF-026,A.5.19;A.5.20;A.5.31,AssetValue,AV_MONETARY;EP_FREQ;HF_AWARENESS,SupplierThirdPartyEvidence,EvidenceRequirement,,remove_current_metrics,no,3,1,1,INDEPENDENT_FRESH60_ACCEPT,"What traceable evidence demonstrates that the outcome/control 'GV.SC-05 - Requirements to address cybersecurity risks in supply chains are established, prioritized, and integrated into contracts and other types of agreements with suppliers and other relevant third parties' is implemented or satisfied within the declared scope, and what provenance supports that evidence?",yes,accept,yes,yes,yes,retain,RETAINED_AFTER_INDEPENDENT_REVIEW,Independent fresh-60 final decision: accept; no semantic change required from the sampled row.
NIST-CSF-2.0,GV.SC-06,Planning and due diligence are performed to reduce risks before entering into formal supplier or other third-party relationships,GQM-CSF-027,A.5.20;A.5.31,AssetValue,AV_MONETARY;EP_FREQ;HF_AWARENESS,SupplierThirdPartyEvidence,EvidenceRequirement,,remove_current_metrics,no,2,0,0,NOT_IN_FRESH60_INDEPENDENT_SAMPLE,"What traceable evidence demonstrates that the outcome/control 'GV.SC-06 - Planning and due diligence are performed to reduce risks before entering into formal supplier or other third-party relationships' is implemented or satisfied within the declared scope, and what provenance supports that evidence?",no,not_sampled,not_sampled,not_sampled,not_sampled,not_sampled,AUTHOR_QA_NOT_INDEPENDENTLY_SAMPLED,Not part of the fresh-60 independent semantic sample; structural/reciprocal updates may reflect human-directed changes from sampled endpoints.
NIST-CSF-2.0,GV.SC-07,"The risks posed by a supplier, their products and services, and other third parties are understood, recorded, prioritized, assessed, responded to, and monitored over the course of the relationship",GQM-CSF-028,A.5.19;A.5.20;A.5.31,AssetValue,AV_MONETARY;EP_FREQ;HF_AWARENESS,SupplierThirdPartyEvidence,EvidenceRequirement,,remove_current_metrics,no,3,1,0,INDEPENDENT_FRESH60_ACCEPT,"What traceable evidence demonstrates that the outcome/control 'GV.SC-07 - The risks posed by a supplier, their products and services, and other third parties are understood, recorded, prioritized, assessed, responded to, and monitored over the course of the relationship' is implemented or satisfied within the declared scope, and what provenance supports that evidence?",yes,accept,yes,yes,yes,retain,RETAINED_AFTER_INDEPENDENT_REVIEW,Independent fresh-60 final decision: accept; no semantic change required from the sampled row.
NIST-CSF-2.0,GV.SC-08,"Relevant suppliers and other third parties are included in incident planning, response, and recovery activities",GQM-CSF-029,A.5.26,AssetValue,AV_MONETARY;EP_FREQ;HF_AWARENESS,SupplierThirdPartyEvidence,EvidenceRequirement,,remove_current_metrics,no,1,0,0,NOT_IN_FRESH60_INDEPENDENT_SAMPLE,"What traceable evidence demonstrates that the outcome/control 'GV.SC-08 - Relevant suppliers and other third parties are included in incident planning, response, and recovery activities' is implemented or satisfied within the declared scope, and what provenance supports that evidence?",no,not_sampled,not_sampled,not_sampled,not_sampled,not_sampled,AUTHOR_QA_NOT_INDEPENDENTLY_SAMPLED,Not part of the fresh-60 independent semantic sample; structural/reciprocal updates may reflect human-directed changes from sampled endpoints.
NIST-CSF-2.0,GV.SC-09,"Supply chain security practices are integrated into cybersecurity and enterprise risk management programs, and their performance is monitored throughout the technology product and service life cycle",GQM-CSF-030,A.5.20;A.5.21;A.5.22,AssetValue,AV_MONETARY;EP_FREQ;HF_AWARENESS,SupplierThirdPartyEvidence,EvidenceRequirement,,remove_current_metrics,no,3,0,0,NOT_IN_FRESH60_INDEPENDENT_SAMPLE,"What traceable evidence demonstrates that the outcome/control 'GV.SC-09 - Supply chain security practices are integrated into cybersecurity and enterprise risk management programs, and their performance is monitored throughout the technology product and service life cycle' is implemented or satisfied within the declared scope, and what provenance supports that evidence?",no,not_sampled,not_sampled,not_sampled,not_sampled,not_sampled,AUTHOR_QA_NOT_INDEPENDENTLY_SAMPLED,Not part of the fresh-60 independent semantic sample; structural/reciprocal updates may reflect human-directed changes from sampled endpoints.
NIST-CSF-2.0,GV.SC-10,Cybersecurity supply chain risk management plans include provisions for activities that occur after the conclusion of a partnership or service agreement,GQM-CSF-031,A.5.19;A.5.20;A.5.21;A.5.22,AssetValue,AV_MONETARY;EP_FREQ;HF_AWARENESS,SupplierThirdPartyEvidence,EvidenceRequirement,,remove_current_metrics,no,4,0,0,INDEPENDENT_FRESH60_ACCEPT,"What traceable evidence demonstrates that the outcome/control 'GV.SC-10 - Cybersecurity supply chain risk management plans include provisions for activities that occur after the conclusion of a partnership or service agreement' is implemented or satisfied within the declared scope, and what provenance supports that evidence?",yes,accept,yes,yes,yes,retain,RETAINED_AFTER_INDEPENDENT_REVIEW,Independent fresh-60 final decision: accept; no semantic change required from the sampled row.
NIST-CSF-2.0,ID.AM-01,Inventories of hardware managed by the organization are maintained,GQM-CSF-032,A.5.9,AssetValue,AV_MONETARY;EP_FREQ;HF_AWARENESS,AssetInventoryEvidence,EvidenceRequirement,,remove_current_metrics,yes,1,1,1,INDEPENDENT_FRESH60_ACCEPT,"What traceable evidence demonstrates that the outcome/control 'ID.AM-01 - Inventories of hardware managed by the organization are maintained' is implemented or satisfied within the declared scope, and what provenance supports that evidence?",yes,accept,yes,yes,yes,retain,RETAINED_AFTER_INDEPENDENT_REVIEW,Independent fresh-60 final decision: accept; no semantic change required from the sampled row.
NIST-CSF-2.0,ID.AM-02,"Inventories of software, services, and systems managed by the organization are maintained",GQM-CSF-033,A.5.9,AssetValue,AV_MONETARY;EP_FREQ;HF_AWARENESS,AssetInventoryEvidence,EvidenceRequirement,,remove_current_metrics,no,1,0,0,NOT_IN_FRESH60_INDEPENDENT_SAMPLE,"What traceable evidence demonstrates that the outcome/control 'ID.AM-02 - Inventories of software, services, and systems managed by the organization are maintained' is implemented or satisfied within the declared scope, and what provenance supports that evidence?",no,not_sampled,not_sampled,not_sampled,not_sampled,not_sampled,AUTHOR_QA_NOT_INDEPENDENTLY_SAMPLED,Not part of the fresh-60 independent semantic sample; structural/reciprocal updates may reflect human-directed changes from sampled endpoints.
NIST-CSF-2.0,ID.AM-03,Representations of the organization's authorized network communication and internal and external network data flows are maintained,GQM-CSF-034,A.5.14;A.8.20;A.8.21;A.8.22,AssetValue,AV_MONETARY;EP_FREQ;HF_AWARENESS,AssetInventoryEvidence,EvidenceRequirement,,remove_current_metrics,no,4,0,0,INDEPENDENT_FRESH60_ACCEPT,"What traceable evidence demonstrates that the outcome/control 'ID.AM-03 - Representations of the organization's authorized network communication and internal and external network data flows are maintained' is implemented or satisfied within the declared scope, and what provenance supports that evidence?",yes,accept,yes,yes,yes,retain,RETAINED_AFTER_INDEPENDENT_REVIEW,Independent fresh-60 final decision: accept; no semantic change required from the sampled row.
NIST-CSF-2.0,ID.AM-04,Inventories of services provided by suppliers are maintained,GQM-CSF-035,A.5.22,AssetValue,AV_MONETARY;EP_FREQ;HF_AWARENESS,AssetInventoryEvidence,EvidenceRequirement,,remove_current_metrics,no,1,0,0,INDEPENDENT_FRESH60_ACCEPT,"What traceable evidence demonstrates that the outcome/control 'ID.AM-04 - Inventories of services provided by suppliers are maintained' is implemented or satisfied within the declared scope, and what provenance supports that evidence?",yes,accept,yes,yes,yes,retain,RETAINED_AFTER_INDEPENDENT_REVIEW,Independent fresh-60 final decision: accept; no semantic change required from the sampled row.
NIST-CSF-2.0,ID.AM-05,"Assets are prioritized based on classification, criticality, resources, and impact on the mission",GQM-CSF-036,A.5.12;A.5.13;A.5.9,AssetValue,AV_MONETARY;EP_FREQ;HF_AWARENESS,AssetInventoryEvidence,EvidenceRequirement,AV_MONETARY,partial_replace,no,3,0,0,NOT_IN_FRESH60_INDEPENDENT_SAMPLE,"What traceable evidence demonstrates that the outcome/control 'ID.AM-05 - Assets are prioritized based on classification, criticality, resources, and impact on the mission' is implemented or satisfied within the declared scope, and what provenance supports that evidence?",no,not_sampled,not_sampled,not_sampled,not_sampled,not_sampled,AUTHOR_QA_NOT_INDEPENDENTLY_SAMPLED,Not part of the fresh-60 independent semantic sample; structural/reciprocal updates may reflect human-directed changes from sampled endpoints.
NIST-CSF-2.0,ID.AM-07,Inventories of data and corresponding metadata for designated data types are maintained,GQM-CSF-037,A.5.9,AssetValue,AV_MONETARY;EP_FREQ;HF_AWARENESS,AssetInventoryEvidence,EvidenceRequirement,,remove_current_metrics,no,1,0,0,NOT_IN_FRESH60_INDEPENDENT_SAMPLE,"What traceable evidence demonstrates that the outcome/control 'ID.AM-07 - Inventories of data and corresponding metadata for designated data types are maintained' is implemented or satisfied within the declared scope, and what provenance supports that evidence?",no,not_sampled,not_sampled,not_sampled,not_sampled,not_sampled,AUTHOR_QA_NOT_INDEPENDENTLY_SAMPLED,Not part of the fresh-60 independent semantic sample; structural/reciprocal updates may reflect human-directed changes from sampled endpoints.
NIST-CSF-2.0,ID.AM-08,"Systems, hardware, software, services, and data are managed throughout their life cycles",GQM-CSF-038,A.5.12;A.5.13;A.5.22;A.5.8;A.5.9;A.7.10;A.7.13;A.7.14,AssetValue,AV_MONETARY;EP_FREQ;HF_AWARENESS,AssetInventoryEvidence,EvidenceRequirement,,remove_current_metrics,no,8,1,0,NOT_IN_FRESH60_INDEPENDENT_SAMPLE,"What traceable evidence demonstrates that the outcome/control 'ID.AM-08 - Systems, hardware, software, services, and data are managed throughout their life cycles' is implemented or satisfied within the declared scope, and what provenance supports that evidence?",no,not_sampled,not_sampled,not_sampled,not_sampled,not_sampled,AUTHOR_QA_NOT_INDEPENDENTLY_SAMPLED,Not part of the fresh-60 independent semantic sample; structural/reciprocal updates may reflect human-directed changes from sampled endpoints.
NIST-CSF-2.0,ID.RA-01,"Vulnerabilities in assets are identified, validated, and recorded",GQM-CSF-039,A.8.8,AssetValue,AV_MONETARY;EP_FREQ;HF_AWARENESS,RiskAssessmentEvidence,EvidenceRequirement,EP_EXPLOIT,replace,no,1,0,0,NOT_IN_FRESH60_INDEPENDENT_SAMPLE,"What traceable evidence demonstrates that the outcome/control 'ID.RA-01 - Vulnerabilities in assets are identified, validated, and recorded' is implemented or satisfied within the declared scope, and what provenance supports that evidence?",no,not_sampled,not_sampled,not_sampled,not_sampled,not_sampled,AUTHOR_QA_NOT_INDEPENDENTLY_SAMPLED,Not part of the fresh-60 independent semantic sample; structural/reciprocal updates may reflect human-directed changes from sampled endpoints.
NIST-CSF-2.0,ID.RA-02,Cyber threat intelligence is received from information sharing forums and sources,GQM-CSF-040,A.5.22;A.5.7;A.8.16,AssetValue,AV_MONETARY;EP_FREQ;HF_AWARENESS,RiskAssessmentEvidence,EvidenceRequirement,EP_EXPLOIT,replace,no,3,1,1,NOT_IN_FRESH60_INDEPENDENT_SAMPLE,"What traceable evidence demonstrates that the outcome/control 'ID.RA-02 - Cyber threat intelligence is received from information sharing forums and sources' is implemented or satisfied within the declared scope, and what provenance supports that evidence?",no,not_sampled,not_sampled,not_sampled,not_sampled,not_sampled,AUTHOR_QA_NOT_INDEPENDENTLY_SAMPLED,Not part of the fresh-60 independent semantic sample; structural/reciprocal updates may reflect human-directed changes from sampled endpoints.
NIST-CSF-2.0,ID.RA-03,Internal and external threats to the organization are identified and recorded,GQM-CSF-041,A.5.7;A.8.16,AssetValue,AV_MONETARY;EP_FREQ;HF_AWARENESS,RiskAssessmentEvidence,EvidenceRequirement,EP_EXPLOIT,replace,no,2,0,0,INDEPENDENT_FRESH60_MINOR_REVISION,"What traceable evidence demonstrates that the outcome/control 'ID.RA-03 - Internal and external threats to the organization are identified and recorded' is implemented or satisfied within the declared scope, and what provenance supports that evidence?",yes,minor_revision,partial,yes,partial,revise_crosswalk,HUMAN_DIRECTED_REPAIR_IMPLEMENTED,Pruned A.5.22 per adjudicated rationale; retained A.5.7 primary and A.8.16 as a secondary monitoring relation because consensus did not explicitly direct its deletion. EP_EXPLOIT retained with final metric_fit=partial.
NIST-CSF-2.0,ID.RA-04,Potential impacts and likelihoods of threats exploiting vulnerabilities are identified and recorded,GQM-CSF-042,,AssetValue,AV_MONETARY;EP_FREQ;HF_AWARENESS,RiskAssessmentEvidence,EvidenceRequirement,EP_EXPLOIT;IL_CIA,replace,yes,0,0,0,NOT_IN_FRESH60_INDEPENDENT_SAMPLE,"What traceable evidence demonstrates that the outcome/control 'ID.RA-04 - Potential impacts and likelihoods of threats exploiting vulnerabilities are identified and recorded' is implemented or satisfied within the declared scope, and what provenance supports that evidence?",no,not_sampled,not_sampled,not_sampled,not_sampled,not_sampled,AUTHOR_QA_NOT_INDEPENDENTLY_SAMPLED,Not part of the fresh-60 independent semantic sample; structural/reciprocal updates may reflect human-directed changes from sampled endpoints.
NIST-CSF-2.0,ID.RA-05,"Threats, vulnerabilities, likelihoods, and impacts are used to understand inherent risk and inform risk response prioritization",GQM-CSF-043,A.5.7,AssetValue,AV_MONETARY;EP_FREQ;HF_AWARENESS,RiskAssessmentEvidence,EvidenceRequirement,EP_EXPLOIT;IL_CIA;RRL_PORTFOLIO,replace,no,1,0,0,NOT_IN_FRESH60_INDEPENDENT_SAMPLE,"What traceable evidence demonstrates that the outcome/control 'ID.RA-05 - Threats, vulnerabilities, likelihoods, and impacts are used to understand inherent risk and inform risk response prioritization' is implemented or satisfied within the declared scope, and what provenance supports that evidence?",no,not_sampled,not_sampled,not_sampled,not_sampled,not_sampled,AUTHOR_QA_NOT_INDEPENDENTLY_SAMPLED,Not part of the fresh-60 independent semantic sample; structural/reciprocal updates may reflect human-directed changes from sampled endpoints.
NIST-CSF-2.0,ID.RA-06,"Risk responses are chosen, prioritized, planned, tracked, and communicated",GQM-CSF-044,A.5.7,AssetValue,AV_MONETARY;EP_FREQ;HF_AWARENESS,RiskAssessmentEvidence,EvidenceRequirement,RRL_PORTFOLIO,replace,no,1,0,0,NOT_IN_FRESH60_INDEPENDENT_SAMPLE,"What traceable evidence demonstrates that the outcome/control 'ID.RA-06 - Risk responses are chosen, prioritized, planned, tracked, and communicated' is implemented or satisfied within the declared scope, and what provenance supports that evidence?",no,not_sampled,not_sampled,not_sampled,not_sampled,not_sampled,AUTHOR_QA_NOT_INDEPENDENTLY_SAMPLED,Not part of the fresh-60 independent semantic sample; structural/reciprocal updates may reflect human-directed changes from sampled endpoints.
NIST-CSF-2.0,ID.RA-07,"Changes and exceptions are managed, assessed for risk impact, recorded, and tracked",GQM-CSF-045,A.8.32,AssetValue,AV_MONETARY;EP_FREQ;HF_AWARENESS,RiskAssessmentEvidence,EvidenceRequirement,IL_CIA,replace,no,1,0,0,NOT_IN_FRESH60_INDEPENDENT_SAMPLE,"What traceable evidence demonstrates that the outcome/control 'ID.RA-07 - Changes and exceptions are managed, assessed for risk impact, recorded, and tracked' is implemented or satisfied within the declared scope, and what provenance supports that evidence?",no,not_sampled,not_sampled,not_sampled,not_sampled,not_sampled,AUTHOR_QA_NOT_INDEPENDENTLY_SAMPLED,Not part of the fresh-60 independent semantic sample; structural/reciprocal updates may reflect human-directed changes from sampled endpoints.
NIST-CSF-2.0,ID.RA-08,"Processes for receiving, analyzing, and responding to vulnerability disclosures are established",GQM-CSF-046,,AssetValue,AV_MONETARY;EP_FREQ;HF_AWARENESS,RiskAssessmentEvidence,EvidenceRequirement,EP_EXPLOIT,replace,yes,0,0,0,NOT_IN_FRESH60_INDEPENDENT_SAMPLE,"What traceable evidence demonstrates that the outcome/control 'ID.RA-08 - Processes for receiving, analyzing, and responding to vulnerability disclosures are established' is implemented or satisfied within the declared scope, and what provenance supports that evidence?",no,not_sampled,not_sampled,not_sampled,not_sampled,not_sampled,AUTHOR_QA_NOT_INDEPENDENTLY_SAMPLED,Not part of the fresh-60 independent semantic sample; structural/reciprocal updates may reflect human-directed changes from sampled endpoints.
NIST-CSF-2.0,ID.RA-09,The authenticity and integrity of hardware and software are assessed prior to acquisition and use,GQM-CSF-047,A.5.20;A.5.22,AssetValue,AV_MONETARY;EP_FREQ;HF_AWARENESS,PlatformConfigurationEvidence,EvidenceRequirement,,remove_current_metrics,no,2,0,0,NOT_IN_FRESH60_INDEPENDENT_SAMPLE,"What traceable evidence demonstrates that the outcome/control 'ID.RA-09 - The authenticity and integrity of hardware and software are assessed prior to acquisition and use' is implemented or satisfied within the declared scope, and what provenance supports that evidence?",no,not_sampled,not_sampled,not_sampled,not_sampled,not_sampled,AUTHOR_QA_NOT_INDEPENDENTLY_SAMPLED,Not part of the fresh-60 independent semantic sample; structural/reciprocal updates may reflect human-directed changes from sampled endpoints.
NIST-CSF-2.0,ID.RA-10,Critical suppliers are assessed prior to acquisition,GQM-CSF-048,A.5.20;A.5.22,AssetValue,AV_MONETARY;EP_FREQ;HF_AWARENESS,SupplierThirdPartyEvidence,EvidenceRequirement,,remove_current_metrics,no,2,0,0,NOT_IN_FRESH60_INDEPENDENT_SAMPLE,"What traceable evidence demonstrates that the outcome/control 'ID.RA-10 - Critical suppliers are assessed prior to acquisition' is implemented or satisfied within the declared scope, and what provenance supports that evidence?",no,not_sampled,not_sampled,not_sampled,not_sampled,not_sampled,AUTHOR_QA_NOT_INDEPENDENTLY_SAMPLED,Not part of the fresh-60 independent semantic sample; structural/reciprocal updates may reflect human-directed changes from sampled endpoints.
NIST-CSF-2.0,ID.IM-01,Improvements are identified from evaluations,GQM-CSF-049,A.5.35,AssetValue,AV_MONETARY;EP_FREQ;HF_AWARENESS,ComplianceAuditEvidence,EvidenceRequirement,,remove_current_metrics,no,1,0,0,NOT_IN_FRESH60_INDEPENDENT_SAMPLE,"What traceable evidence demonstrates that the outcome/control 'ID.IM-01 - Improvements are identified from evaluations' is implemented or satisfied within the declared scope, and what provenance supports that evidence?",no,not_sampled,not_sampled,not_sampled,not_sampled,not_sampled,AUTHOR_QA_NOT_INDEPENDENTLY_SAMPLED,Not part of the fresh-60 independent semantic sample; structural/reciprocal updates may reflect human-directed changes from sampled endpoints.
NIST-CSF-2.0,ID.IM-02,"Improvements are identified from security tests and exercises, including those done in coordination with suppliers and relevant third parties",GQM-CSF-050,A.5.35,AssetValue,AV_MONETARY;EP_FREQ;HF_AWARENESS,ComplianceAuditEvidence,EvidenceRequirement,,remove_current_metrics,no,1,0,0,NOT_IN_FRESH60_INDEPENDENT_SAMPLE,"What traceable evidence demonstrates that the outcome/control 'ID.IM-02 - Improvements are identified from security tests and exercises, including those done in coordination with suppliers and relevant third parties' is implemented or satisfied within the declared scope, and what provenance supports that evidence?",no,not_sampled,not_sampled,not_sampled,not_sampled,not_sampled,AUTHOR_QA_NOT_INDEPENDENTLY_SAMPLED,Not part of the fresh-60 independent semantic sample; structural/reciprocal updates may reflect human-directed changes from sampled endpoints.
NIST-CSF-2.0,ID.IM-03,"Improvements are identified from execution of operational processes, procedures, and activities",GQM-CSF-051,A.5.27,AssetValue,AV_MONETARY;EP_FREQ;HF_AWARENESS,ComplianceAuditEvidence,EvidenceRequirement,,remove_current_metrics,no,1,0,0,INDEPENDENT_FRESH60_MINOR_REVISION,"What traceable evidence demonstrates that the outcome/control 'ID.IM-03 - Improvements are identified from execution of operational processes, procedures, and activities' is implemented or satisfied within the declared scope, and what provenance supports that evidence?",yes,minor_revision,yes,yes,partial,revise_crosswalk,RESIDUAL_PARTIAL_DOCUMENTED_NO_GUESSED_REPLACEMENT,"Residual partial relation retained: A.5.27 captures post-incident learning but is narrower than general operational improvement. No replacement/additional ISO control was human-specified, so no new semantic link was invented."
NIST-CSF-2.0,ID.IM-04,"Incident response plans and other cybersecurity plans that affect operations are established, communicated, maintained, and improved",GQM-CSF-052,A.5.24;A.5.26;A.5.27,AssetValue,AV_MONETARY;EP_FREQ;HF_AWARENESS,IncidentResponseEvidence,EvidenceRequirement,,remove_current_metrics,no,3,0,0,NOT_IN_FRESH60_INDEPENDENT_SAMPLE,"What traceable evidence demonstrates that the outcome/control 'ID.IM-04 - Incident response plans and other cybersecurity plans that affect operations are established, communicated, maintained, and improved' is implemented or satisfied within the declared scope, and what provenance supports that evidence?",no,not_sampled,not_sampled,not_sampled,not_sampled,not_sampled,AUTHOR_QA_NOT_INDEPENDENTLY_SAMPLED,Not part of the fresh-60 independent semantic sample; structural/reciprocal updates may reflect human-directed changes from sampled endpoints.
NIST-CSF-2.0,PR.AA-01,"Identities and credentials for authorized users, services, and hardware are managed by the organization",GQM-CSF-053,A.5.15;A.5.18;A.8.2;A.8.5,EventPotential,EP_EXPLOIT;DR;FPR;AUROC;PR_AUC,IdentityAccessEvidence,EvidenceRequirement,,remove_current_metrics,no,4,1,0,NOT_IN_FRESH60_INDEPENDENT_SAMPLE,"What traceable evidence demonstrates that the outcome/control 'PR.AA-01 - Identities and credentials for authorized users, services, and hardware are managed by the organization' is implemented or satisfied within the declared scope, and what provenance supports that evidence?",no,not_sampled,not_sampled,not_sampled,not_sampled,not_sampled,AUTHOR_QA_NOT_INDEPENDENTLY_SAMPLED,Not part of the fresh-60 independent semantic sample; structural/reciprocal updates may reflect human-directed changes from sampled endpoints.
NIST-CSF-2.0,PR.AA-02,Identities are proofed and bound to credentials based on the context of interactions,GQM-CSF-054,A.8.2;A.8.3;A.8.5,EventPotential,EP_EXPLOIT;DR;FPR;AUROC;PR_AUC,IdentityAccessEvidence,EvidenceRequirement,,remove_current_metrics,no,3,0,0,NOT_IN_FRESH60_INDEPENDENT_SAMPLE,"What traceable evidence demonstrates that the outcome/control 'PR.AA-02 - Identities are proofed and bound to credentials based on the context of interactions' is implemented or satisfied within the declared scope, and what provenance supports that evidence?",no,not_sampled,not_sampled,not_sampled,not_sampled,not_sampled,AUTHOR_QA_NOT_INDEPENDENTLY_SAMPLED,Not part of the fresh-60 independent semantic sample; structural/reciprocal updates may reflect human-directed changes from sampled endpoints.
NIST-CSF-2.0,PR.AA-03,"Users, services, and hardware are authenticated",GQM-CSF-055,A.5.15;A.5.16;A.5.17;A.5.18;A.8.5,EventPotential,EP_EXPLOIT;DR;FPR;AUROC;PR_AUC,IdentityAccessEvidence,EvidenceRequirement,,remove_current_metrics,no,5,2,2,INDEPENDENT_FRESH60_ACCEPT,"What traceable evidence demonstrates that the outcome/control 'PR.AA-03 - Users, services, and hardware are authenticated' is implemented or satisfied within the declared scope, and what provenance supports that evidence?",yes,accept,yes,yes,yes,retain,RETAINED_AFTER_INDEPENDENT_REVIEW,Independent fresh-60 final decision: accept; no semantic change required from the sampled row.
NIST-CSF-2.0,PR.AA-04,"Identity assertions are protected, conveyed, and verified",GQM-CSF-056,A.5.16,EventPotential,EP_EXPLOIT;DR;FPR;AUROC;PR_AUC,IdentityAccessEvidence,EvidenceRequirement,,remove_current_metrics,no,1,0,0,NOT_IN_FRESH60_INDEPENDENT_SAMPLE,"What traceable evidence demonstrates that the outcome/control 'PR.AA-04 - Identity assertions are protected, conveyed, and verified' is implemented or satisfied within the declared scope, and what provenance supports that evidence?",no,not_sampled,not_sampled,not_sampled,not_sampled,not_sampled,AUTHOR_QA_NOT_INDEPENDENTLY_SAMPLED,Not part of the fresh-60 independent semantic sample; structural/reciprocal updates may reflect human-directed changes from sampled endpoints.
NIST-CSF-2.0,PR.AA-05,"Access permissions, entitlements, and authorizations are defined in a policy, managed, enforced, and reviewed, and incorporate the principles of least privilege and separation of duties",GQM-CSF-057,A.5.14;A.5.15;A.5.16;A.5.17;A.5.18;A.5.3;A.8.18;A.8.2;A.8.3;A.8.4;A.8.5,EventPotential,EP_EXPLOIT;DR;FPR;AUROC;PR_AUC,IdentityAccessEvidence,EvidenceRequirement,,remove_current_metrics,no,11,6,6,NOT_IN_FRESH60_INDEPENDENT_SAMPLE,"What traceable evidence demonstrates that the outcome/control 'PR.AA-05 - Access permissions, entitlements, and authorizations are defined in a policy, managed, enforced, and reviewed, and incorporate the principles of least privilege and separation of duties' is implemented or satisfied within the declared scope, and what provenance supports that evidence?",no,not_sampled,not_sampled,not_sampled,not_sampled,not_sampled,AUTHOR_QA_NOT_INDEPENDENTLY_SAMPLED,Not part of the fresh-60 independent semantic sample; structural/reciprocal updates may reflect human-directed changes from sampled endpoints.
NIST-CSF-2.0,PR.AA-06,"Physical access to assets is managed, monitored, and enforced commensurate with risk",GQM-CSF-058,A.7.1;A.7.12;A.7.2;A.7.3;A.7.4,EventPotential,EP_EXPLOIT;DR;FPR;AUROC;PR_AUC,PhysicalSecurityEvidence,EvidenceRequirement,,remove_current_metrics,no,5,4,4,NOT_IN_FRESH60_INDEPENDENT_SAMPLE,"What traceable evidence demonstrates that the outcome/control 'PR.AA-06 - Physical access to assets is managed, monitored, and enforced commensurate with risk' is implemented or satisfied within the declared scope, and what provenance supports that evidence?",no,not_sampled,not_sampled,not_sampled,not_sampled,not_sampled,AUTHOR_QA_NOT_INDEPENDENTLY_SAMPLED,Not part of the fresh-60 independent semantic sample; structural/reciprocal updates may reflect human-directed changes from sampled endpoints.
NIST-CSF-2.0,PR.AT-01,Personnel are provided with awareness and training so that they possess the knowledge and skills to perform general tasks with cybersecurity risks in mind,GQM-CSF-059,A.6.3,EventPotential,EP_EXPLOIT;DR;FPR;AUROC;PR_AUC,TrainingAwarenessEvidence,EvidenceRequirement,HF_AWARENESS,replace,yes,1,1,1,NOT_IN_FRESH60_INDEPENDENT_SAMPLE,"What traceable evidence demonstrates that the outcome/control 'PR.AT-01 - Personnel are provided with awareness and training so that they possess the knowledge and skills to perform general tasks with cybersecurity risks in mind' is implemented or satisfied within the declared scope, and what provenance supports that evidence?",no,not_sampled,not_sampled,not_sampled,not_sampled,not_sampled,AUTHOR_QA_NOT_INDEPENDENTLY_SAMPLED,Not part of the fresh-60 independent semantic sample; structural/reciprocal updates may reflect human-directed changes from sampled endpoints.
NIST-CSF-2.0,PR.AT-02,Individuals in specialized roles are provided with awareness and training so that they possess the knowledge and skills to perform relevant tasks with cybersecurity risks in mind,GQM-CSF-060,A.5.2;A.6.3,EventPotential,EP_EXPLOIT;DR;FPR;AUROC;PR_AUC,TrainingAwarenessEvidence,EvidenceRequirement,HF_AWARENESS,replace,no,2,0,0,NOT_IN_FRESH60_INDEPENDENT_SAMPLE,"What traceable evidence demonstrates that the outcome/control 'PR.AT-02 - Individuals in specialized roles are provided with awareness and training so that they possess the knowledge and skills to perform relevant tasks with cybersecurity risks in mind' is implemented or satisfied within the declared scope, and what provenance supports that evidence?",no,not_sampled,not_sampled,not_sampled,not_sampled,not_sampled,AUTHOR_QA_NOT_INDEPENDENTLY_SAMPLED,Not part of the fresh-60 independent semantic sample; structural/reciprocal updates may reflect human-directed changes from sampled endpoints.
NIST-CSF-2.0,PR.DS-01,"The confidentiality, integrity, and availability of data-at-rest are protected",GQM-CSF-061,A.5.10;A.5.13;A.5.14;A.5.15;A.5.3;A.6.1;A.6.5;A.7.10;A.7.7;A.8.17;A.8.19;A.8.2;A.8.22;A.8.26;A.8.3;A.8.4;A.8.7;A.8.8,EventPotential,EP_EXPLOIT;DR;FPR;AUROC;PR_AUC,PrivacyDataProtectionEvidence,EvidenceRequirement,,remove_current_metrics,no,18,11,3,NOT_IN_FRESH60_INDEPENDENT_SAMPLE,"What traceable evidence demonstrates that the outcome/control 'PR.DS-01 - The confidentiality, integrity, and availability of data-at-rest are protected' is implemented or satisfied within the declared scope, and what provenance supports that evidence?",no,not_sampled,not_sampled,not_sampled,not_sampled,not_sampled,AUTHOR_QA_NOT_INDEPENDENTLY_SAMPLED,Not part of the fresh-60 independent semantic sample; structural/reciprocal updates may reflect human-directed changes from sampled endpoints.
NIST-CSF-2.0,PR.DS-02,"The confidentiality, integrity, and availability of data-in-transit are protected",GQM-CSF-062,A.5.10;A.5.13;A.5.14;A.5.15;A.5.3;A.6.1;A.6.5;A.8.17;A.8.2;A.8.20;A.8.22;A.8.26;A.8.3;A.8.4,EventPotential,EP_EXPLOIT;DR;FPR;AUROC;PR_AUC,PrivacyDataProtectionEvidence,EvidenceRequirement,,remove_current_metrics,no,14,2,1,NOT_IN_FRESH60_INDEPENDENT_SAMPLE,"What traceable evidence demonstrates that the outcome/control 'PR.DS-02 - The confidentiality, integrity, and availability of data-in-transit are protected' is implemented or satisfied within the declared scope, and what provenance supports that evidence?",no,not_sampled,not_sampled,not_sampled,not_sampled,not_sampled,AUTHOR_QA_NOT_INDEPENDENTLY_SAMPLED,Not part of the fresh-60 independent semantic sample; structural/reciprocal updates may reflect human-directed changes from sampled endpoints.
NIST-CSF-2.0,PR.DS-10,"The confidentiality, integrity, and availability of data-in-use are protected",GQM-CSF-063,A.8.2;A.8.24;A.8.3,EventPotential,EP_EXPLOIT;DR;FPR;AUROC;PR_AUC,PrivacyDataProtectionEvidence,EvidenceRequirement,,remove_current_metrics,no,3,1,0,INDEPENDENT_FRESH60_MINOR_REVISION,"What traceable evidence demonstrates that the outcome/control 'PR.DS-10 - The confidentiality, integrity, and availability of data-in-use are protected' is implemented or satisfied within the declared scope, and what provenance supports that evidence?",yes,minor_revision,yes,yes,partial,revise_crosswalk,HUMAN_DIRECTED_REPAIR_IMPLEMENTED,"Pruned diffuse policy/personnel/design links; final set restricted to A.8.2, A.8.3 and A.8.24 direct data-in-use safeguards."
NIST-CSF-2.0,PR.DS-11,"Backups of data are created, protected, maintained, and tested",GQM-CSF-064,A.8.13,EventPotential,EP_EXPLOIT;DR;FPR;AUROC;PR_AUC,ContinuityResilienceEvidence,EvidenceRequirement,,remove_current_metrics,no,1,0,0,INDEPENDENT_FRESH60_ACCEPT,"What traceable evidence demonstrates that the outcome/control 'PR.DS-11 - Backups of data are created, protected, maintained, and tested' is implemented or satisfied within the declared scope, and what provenance supports that evidence?",yes,accept,yes,yes,yes,retain,RETAINED_AFTER_INDEPENDENT_REVIEW,Independent fresh-60 final decision: accept; no semantic change required from the sampled row.
NIST-CSF-2.0,PR.PS-01,Configuration management practices are established and applied,GQM-CSF-065,A.8.9,EventPotential,EP_EXPLOIT;DR;FPR;AUROC;PR_AUC,PlatformConfigurationEvidence,EvidenceRequirement,,remove_current_metrics,no,1,2,1,NOT_IN_FRESH60_INDEPENDENT_SAMPLE,"What traceable evidence demonstrates that the outcome/control 'PR.PS-01 - Configuration management practices are established and applied' is implemented or satisfied within the declared scope, and what provenance supports that evidence?",no,not_sampled,not_sampled,not_sampled,not_sampled,not_sampled,AUTHOR_QA_NOT_INDEPENDENTLY_SAMPLED,Not part of the fresh-60 independent semantic sample; structural/reciprocal updates may reflect human-directed changes from sampled endpoints.
NIST-CSF-2.0,PR.PS-02,"Software is maintained, replaced, and removed commensurate with risk",GQM-CSF-066,A.5.9,EventPotential,EP_EXPLOIT;DR;FPR;AUROC;PR_AUC,PlatformConfigurationEvidence,EvidenceRequirement,,remove_current_metrics,no,1,1,0,NOT_IN_FRESH60_INDEPENDENT_SAMPLE,"What traceable evidence demonstrates that the outcome/control 'PR.PS-02 - Software is maintained, replaced, and removed commensurate with risk' is implemented or satisfied within the declared scope, and what provenance supports that evidence?",no,not_sampled,not_sampled,not_sampled,not_sampled,not_sampled,AUTHOR_QA_NOT_INDEPENDENTLY_SAMPLED,Not part of the fresh-60 independent semantic sample; structural/reciprocal updates may reflect human-directed changes from sampled endpoints.
NIST-CSF-2.0,PR.PS-03,"Hardware is maintained, replaced, and removed commensurate with risk",GQM-CSF-067,A.5.9;A.7.10;A.7.13,EventPotential,EP_EXPLOIT;DR;FPR;AUROC;PR_AUC,PlatformConfigurationEvidence,EvidenceRequirement,,remove_current_metrics,no,3,1,0,INDEPENDENT_FRESH60_MINOR_REVISION,"What traceable evidence demonstrates that the outcome/control 'PR.PS-03 - Hardware is maintained, replaced, and removed commensurate with risk' is implemented or satisfied within the declared scope, and what provenance supports that evidence?",yes,minor_revision,yes,yes,partial,revise_crosswalk,HUMAN_DIRECTED_REPAIR_IMPLEMENTED,Added A.7.10 per Step12K and A.7.13 as clerical normalization of both reviewers' intended “Equipment Maintenance” reference; raw reviewer files remain unchanged.
NIST-CSF-2.0,PR.PS-04,Log records are generated and made available for continuous monitoring,GQM-CSF-068,A.8.15;A.8.17,EventPotential,EP_EXPLOIT;DR;FPR;AUROC;PR_AUC,MonitoringDetectionEvidence,EvidenceRequirement,EP_FREQ,partial_replace,no,2,0,0,INDEPENDENT_FRESH60_MINOR_REVISION,"What traceable evidence demonstrates that the outcome/control 'PR.PS-04 - Log records are generated and made available for continuous monitoring' is implemented or satisfied within the declared scope, and what provenance supports that evidence?",yes,minor_revision,partial,yes,yes,revise_metric_mapping,HUMAN_DIRECTED_REPAIR_IMPLEMENTED,Metric binding pruned to EP_FREQ only; crosswalk unchanged.
NIST-CSF-2.0,PR.PS-05,Installation and execution of unauthorized software are prevented,GQM-CSF-069,A.8.19,EventPotential,EP_EXPLOIT;DR;FPR;AUROC;PR_AUC,PlatformConfigurationEvidence,EvidenceRequirement,,remove_current_metrics,yes,1,1,1,NOT_IN_FRESH60_INDEPENDENT_SAMPLE,"What traceable evidence demonstrates that the outcome/control 'PR.PS-05 - Installation and execution of unauthorized software are prevented' is implemented or satisfied within the declared scope, and what provenance supports that evidence?",no,not_sampled,not_sampled,not_sampled,not_sampled,not_sampled,AUTHOR_QA_NOT_INDEPENDENTLY_SAMPLED,Not part of the fresh-60 independent semantic sample; structural/reciprocal updates may reflect human-directed changes from sampled endpoints.
NIST-CSF-2.0,PR.PS-06,"Secure software development practices are integrated, and their performance is monitored throughout the software development life cycle",GQM-CSF-070,A.8.25;A.8.26;A.8.28;A.8.4,EventPotential,EP_EXPLOIT;DR;FPR;AUROC;PR_AUC,SecureDevelopmentEvidence,EvidenceRequirement,,remove_current_metrics,no,4,5,3,NOT_IN_FRESH60_INDEPENDENT_SAMPLE,"What traceable evidence demonstrates that the outcome/control 'PR.PS-06 - Secure software development practices are integrated, and their performance is monitored throughout the software development life cycle' is implemented or satisfied within the declared scope, and what provenance supports that evidence?",no,not_sampled,not_sampled,not_sampled,not_sampled,not_sampled,AUTHOR_QA_NOT_INDEPENDENTLY_SAMPLED,Not part of the fresh-60 independent semantic sample; structural/reciprocal updates may reflect human-directed changes from sampled endpoints.
NIST-CSF-2.0,PR.IR-01,Networks and environments are protected from unauthorized logical access and usage,GQM-CSF-071,A.8.20;A.8.21;A.8.22,EventPotential,EP_EXPLOIT;DR;FPR;AUROC;PR_AUC,NetworkSecurityEvidence,EvidenceRequirement,,remove_current_metrics,no,3,4,3,NOT_IN_FRESH60_INDEPENDENT_SAMPLE,"What traceable evidence demonstrates that the outcome/control 'PR.IR-01 - Networks and environments are protected from unauthorized logical access and usage' is implemented or satisfied within the declared scope, and what provenance supports that evidence?",no,not_sampled,not_sampled,not_sampled,not_sampled,not_sampled,AUTHOR_QA_NOT_INDEPENDENTLY_SAMPLED,Not part of the fresh-60 independent semantic sample; structural/reciprocal updates may reflect human-directed changes from sampled endpoints.
NIST-CSF-2.0,PR.IR-02,The organization's technology assets are protected from environmental threats,GQM-CSF-072,A.7.5,EventPotential,EP_EXPLOIT;DR;FPR;AUROC;PR_AUC,PhysicalSecurityEvidence,EvidenceRequirement,,remove_current_metrics,no,1,8,1,NOT_IN_FRESH60_INDEPENDENT_SAMPLE,"What traceable evidence demonstrates that the outcome/control 'PR.IR-02 - The organization's technology assets are protected from environmental threats' is implemented or satisfied within the declared scope, and what provenance supports that evidence?",no,not_sampled,not_sampled,not_sampled,not_sampled,not_sampled,AUTHOR_QA_NOT_INDEPENDENTLY_SAMPLED,Not part of the fresh-60 independent semantic sample; structural/reciprocal updates may reflect human-directed changes from sampled endpoints.
NIST-CSF-2.0,PR.IR-03,Mechanisms are implemented to achieve resilience requirements in normal and adverse situations,GQM-CSF-073,A.5.29;A.8.14,EventPotential,EP_EXPLOIT;DR;FPR;AUROC;PR_AUC,ContinuityResilienceEvidence,EvidenceRequirement,,remove_current_metrics,no,2,3,1,NOT_IN_FRESH60_INDEPENDENT_SAMPLE,"What traceable evidence demonstrates that the outcome/control 'PR.IR-03 - Mechanisms are implemented to achieve resilience requirements in normal and adverse situations' is implemented or satisfied within the declared scope, and what provenance supports that evidence?",no,not_sampled,not_sampled,not_sampled,not_sampled,not_sampled,AUTHOR_QA_NOT_INDEPENDENTLY_SAMPLED,Not part of the fresh-60 independent semantic sample; structural/reciprocal updates may reflect human-directed changes from sampled endpoints.
NIST-CSF-2.0,PR.IR-04,Adequate resource capacity to ensure availability is maintained,GQM-CSF-074,A.8.6,EventPotential,EP_EXPLOIT;DR;FPR;AUROC;PR_AUC,ContinuityResilienceEvidence,EvidenceRequirement,,remove_current_metrics,no,1,0,0,NOT_IN_FRESH60_INDEPENDENT_SAMPLE,"What traceable evidence demonstrates that the outcome/control 'PR.IR-04 - Adequate resource capacity to ensure availability is maintained' is implemented or satisfied within the declared scope, and what provenance supports that evidence?",no,not_sampled,not_sampled,not_sampled,not_sampled,not_sampled,AUTHOR_QA_NOT_INDEPENDENTLY_SAMPLED,Not part of the fresh-60 independent semantic sample; structural/reciprocal updates may reflect human-directed changes from sampled endpoints.
NIST-CSF-2.0,DE.CM-01,Networks and network services are monitored to find potentially adverse events,GQM-CSF-075,A.8.16,EventPotential,EP_EXPLOIT;DR;FPR;AUROC;PR_AUC,MonitoringDetectionEvidence,EvidenceRequirement,EP_FREQ;DR;FPR,partial_replace,no,1,1,0,NOT_IN_FRESH60_INDEPENDENT_SAMPLE,"What traceable evidence demonstrates that the outcome/control 'DE.CM-01 - Networks and network services are monitored to find potentially adverse events' is implemented or satisfied within the declared scope, and what provenance supports that evidence?",no,not_sampled,not_sampled,not_sampled,not_sampled,not_sampled,AUTHOR_QA_NOT_INDEPENDENTLY_SAMPLED,Not part of the fresh-60 independent semantic sample; structural/reciprocal updates may reflect human-directed changes from sampled endpoints.
NIST-CSF-2.0,DE.CM-02,The physical environment is monitored to find potentially adverse events,GQM-CSF-076,A.7.4,EventPotential,EP_EXPLOIT;DR;FPR;AUROC;PR_AUC,MonitoringDetectionEvidence,EvidenceRequirement,EP_FREQ;DR;FPR,partial_replace,no,1,0,0,INDEPENDENT_FRESH60_ACCEPT,"What traceable evidence demonstrates that the outcome/control 'DE.CM-02 - The physical environment is monitored to find potentially adverse events' is implemented or satisfied within the declared scope, and what provenance supports that evidence?",yes,accept,yes,yes,yes,retain,RETAINED_AFTER_INDEPENDENT_REVIEW,Independent fresh-60 final decision: accept; no semantic change required from the sampled row.
NIST-CSF-2.0,DE.CM-03,Personnel activity and technology usage are monitored to find potentially adverse events,GQM-CSF-077,A.7.4;A.8.16,EventPotential,EP_EXPLOIT;DR;FPR;AUROC;PR_AUC,MonitoringDetectionEvidence,EvidenceRequirement,EP_FREQ;DR;FPR,partial_replace,no,2,1,1,INDEPENDENT_FRESH60_ACCEPT,"What traceable evidence demonstrates that the outcome/control 'DE.CM-03 - Personnel activity and technology usage are monitored to find potentially adverse events' is implemented or satisfied within the declared scope, and what provenance supports that evidence?",yes,accept,yes,yes,yes,retain,RETAINED_AFTER_INDEPENDENT_REVIEW,Independent fresh-60 final decision: accept; no semantic change required from the sampled row.
NIST-CSF-2.0,DE.CM-06,External service provider activities and services are monitored to find potentially adverse events,GQM-CSF-078,A.5.22;A.8.16,EventPotential,EP_EXPLOIT;DR;FPR;AUROC;PR_AUC,MonitoringDetectionEvidence,EvidenceRequirement,EP_FREQ;DR;FPR,partial_replace,no,2,0,0,NOT_IN_FRESH60_INDEPENDENT_SAMPLE,"What traceable evidence demonstrates that the outcome/control 'DE.CM-06 - External service provider activities and services are monitored to find potentially adverse events' is implemented or satisfied within the declared scope, and what provenance supports that evidence?",no,not_sampled,not_sampled,not_sampled,not_sampled,not_sampled,AUTHOR_QA_NOT_INDEPENDENTLY_SAMPLED,Not part of the fresh-60 independent semantic sample; structural/reciprocal updates may reflect human-directed changes from sampled endpoints.
NIST-CSF-2.0,DE.CM-09,"Computing hardware and software, runtime environments, and their data are monitored to find potentially adverse events",GQM-CSF-079,A.8.16,EventPotential,EP_EXPLOIT;DR;FPR;AUROC;PR_AUC,MonitoringDetectionEvidence,EvidenceRequirement,EP_FREQ;DR;FPR,partial_replace,no,1,1,0,NOT_IN_FRESH60_INDEPENDENT_SAMPLE,"What traceable evidence demonstrates that the outcome/control 'DE.CM-09 - Computing hardware and software, runtime environments, and their data are monitored to find potentially adverse events' is implemented or satisfied within the declared scope, and what provenance supports that evidence?",no,not_sampled,not_sampled,not_sampled,not_sampled,not_sampled,AUTHOR_QA_NOT_INDEPENDENTLY_SAMPLED,Not part of the fresh-60 independent semantic sample; structural/reciprocal updates may reflect human-directed changes from sampled endpoints.
NIST-CSF-2.0,DE.AE-02,Potentially adverse events are analyzed to better understand associated activities,GQM-CSF-080,A.5.24;A.5.25,EventPotential,EP_EXPLOIT;DR;FPR;AUROC;PR_AUC,MonitoringDetectionEvidence,EvidenceRequirement,EP_FREQ;DR;FPR;AUROC;PR_AUC;CAL_BRIER,partial_replace,no,2,1,1,NOT_IN_FRESH60_INDEPENDENT_SAMPLE,"What traceable evidence demonstrates that the outcome/control 'DE.AE-02 - Potentially adverse events are analyzed to better understand associated activities' is implemented or satisfied within the declared scope, and what provenance supports that evidence?",no,not_sampled,not_sampled,not_sampled,not_sampled,not_sampled,AUTHOR_QA_NOT_INDEPENDENTLY_SAMPLED,Not part of the fresh-60 independent semantic sample; structural/reciprocal updates may reflect human-directed changes from sampled endpoints.
NIST-CSF-2.0,DE.AE-03,Information is correlated from multiple sources,GQM-CSF-081,A.8.15;A.8.16,EventPotential,EP_EXPLOIT;DR;FPR;AUROC;PR_AUC,MonitoringDetectionEvidence,EvidenceRequirement,EP_FREQ;AUROC;PR_AUC;CAL_BRIER,partial_replace,no,2,0,0,INDEPENDENT_FRESH60_ACCEPT,"What traceable evidence demonstrates that the outcome/control 'DE.AE-03 - Information is correlated from multiple sources' is implemented or satisfied within the declared scope, and what provenance supports that evidence?",yes,accept,yes,yes,yes,retain,RETAINED_AFTER_INDEPENDENT_REVIEW,Independent fresh-60 final decision: accept; no semantic change required from the sampled row.
NIST-CSF-2.0,DE.AE-04,The estimated impact and scope of adverse events are understood,GQM-CSF-082,A.5.25,EventPotential,EP_EXPLOIT;DR;FPR;AUROC;PR_AUC,MonitoringDetectionEvidence,EvidenceRequirement,EP_FREQ;DR;FPR,partial_replace,no,1,0,0,NOT_IN_FRESH60_INDEPENDENT_SAMPLE,"What traceable evidence demonstrates that the outcome/control 'DE.AE-04 - The estimated impact and scope of adverse events are understood' is implemented or satisfied within the declared scope, and what provenance supports that evidence?",no,not_sampled,not_sampled,not_sampled,not_sampled,not_sampled,AUTHOR_QA_NOT_INDEPENDENTLY_SAMPLED,Not part of the fresh-60 independent semantic sample; structural/reciprocal updates may reflect human-directed changes from sampled endpoints.
NIST-CSF-2.0,DE.AE-06,Information on adverse events is provided to authorized staff and tools,GQM-CSF-083,A.5.26,EventPotential,EP_EXPLOIT;DR;FPR;AUROC;PR_AUC,MonitoringDetectionEvidence,EvidenceRequirement,EP_FREQ,partial_replace,no,1,0,0,INDEPENDENT_FRESH60_MINOR_REVISION,"What traceable evidence demonstrates that the outcome/control 'DE.AE-06 - Information on adverse events is provided to authorized staff and tools' is implemented or satisfied within the declared scope, and what provenance supports that evidence?",yes,minor_revision,partial,yes,yes,revise_metric_mapping,HUMAN_DIRECTED_REPAIR_IMPLEMENTED,Metric binding pruned to EP_FREQ only; crosswalk unchanged.
NIST-CSF-2.0,DE.AE-07,Cyber threat intelligence and other contextual information are integrated into the analysis,GQM-CSF-084,A.5.7,EventPotential,EP_EXPLOIT;DR;FPR;AUROC;PR_AUC,MonitoringDetectionEvidence,EvidenceRequirement,EP_FREQ;AUROC;PR_AUC;CAL_BRIER,partial_replace,no,1,0,0,NOT_IN_FRESH60_INDEPENDENT_SAMPLE,"What traceable evidence demonstrates that the outcome/control 'DE.AE-07 - Cyber threat intelligence and other contextual information are integrated into the analysis' is implemented or satisfied within the declared scope, and what provenance supports that evidence?",no,not_sampled,not_sampled,not_sampled,not_sampled,not_sampled,AUTHOR_QA_NOT_INDEPENDENTLY_SAMPLED,Not part of the fresh-60 independent semantic sample; structural/reciprocal updates may reflect human-directed changes from sampled endpoints.
NIST-CSF-2.0,DE.AE-08,Incidents are declared when adverse events meet the defined incident criteria,GQM-CSF-085,A.5.25;A.5.26,EventPotential,EP_EXPLOIT;DR;FPR;AUROC;PR_AUC,IncidentResponseEvidence,EvidenceRequirement,,remove_current_metrics,no,2,0,0,NOT_IN_FRESH60_INDEPENDENT_SAMPLE,"What traceable evidence demonstrates that the outcome/control 'DE.AE-08 - Incidents are declared when adverse events meet the defined incident criteria' is implemented or satisfied within the declared scope, and what provenance supports that evidence?",no,not_sampled,not_sampled,not_sampled,not_sampled,not_sampled,AUTHOR_QA_NOT_INDEPENDENTLY_SAMPLED,Not part of the fresh-60 independent semantic sample; structural/reciprocal updates may reflect human-directed changes from sampled endpoints.
NIST-CSF-2.0,RS.MA-01,The incident response plan is executed in coordination with relevant third parties once an incident is declared,GQM-CSF-086,A.5.26;A.5.27;A.5.28,ImpactLevel,IL_CIA;RRL_PORTFOLIO;TCO_3Y,IncidentResponseEvidence,EvidenceRequirement,,remove_current_metrics,no,3,1,1,NOT_IN_FRESH60_INDEPENDENT_SAMPLE,"What traceable evidence demonstrates that the outcome/control 'RS.MA-01 - The incident response plan is executed in coordination with relevant third parties once an incident is declared' is implemented or satisfied within the declared scope, and what provenance supports that evidence?",no,not_sampled,not_sampled,not_sampled,not_sampled,not_sampled,AUTHOR_QA_NOT_INDEPENDENTLY_SAMPLED,Not part of the fresh-60 independent semantic sample; structural/reciprocal updates may reflect human-directed changes from sampled endpoints.
NIST-CSF-2.0,RS.MA-02,Incident reports are triaged and validated,GQM-CSF-087,A.5.24;A.5.26;A.5.27;A.5.28;A.6.8,ImpactLevel,IL_CIA;RRL_PORTFOLIO;TCO_3Y,IncidentResponseEvidence,EvidenceRequirement,,remove_current_metrics,no,5,0,0,NOT_IN_FRESH60_INDEPENDENT_SAMPLE,"What traceable evidence demonstrates that the outcome/control 'RS.MA-02 - Incident reports are triaged and validated' is implemented or satisfied within the declared scope, and what provenance supports that evidence?",no,not_sampled,not_sampled,not_sampled,not_sampled,not_sampled,AUTHOR_QA_NOT_INDEPENDENTLY_SAMPLED,Not part of the fresh-60 independent semantic sample; structural/reciprocal updates may reflect human-directed changes from sampled endpoints.
NIST-CSF-2.0,RS.MA-03,Incidents are categorized and prioritized,GQM-CSF-088,A.5.25,ImpactLevel,IL_CIA;RRL_PORTFOLIO;TCO_3Y,IncidentResponseEvidence,EvidenceRequirement,,remove_current_metrics,no,1,0,0,NOT_IN_FRESH60_INDEPENDENT_SAMPLE,"What traceable evidence demonstrates that the outcome/control 'RS.MA-03 - Incidents are categorized and prioritized' is implemented or satisfied within the declared scope, and what provenance supports that evidence?",no,not_sampled,not_sampled,not_sampled,not_sampled,not_sampled,AUTHOR_QA_NOT_INDEPENDENTLY_SAMPLED,Not part of the fresh-60 independent semantic sample; structural/reciprocal updates may reflect human-directed changes from sampled endpoints.
NIST-CSF-2.0,RS.MA-04,Incidents are escalated or elevated as needed,GQM-CSF-089,A.5.26,ImpactLevel,IL_CIA;RRL_PORTFOLIO;TCO_3Y,IncidentResponseEvidence,EvidenceRequirement,,remove_current_metrics,no,1,0,0,NOT_IN_FRESH60_INDEPENDENT_SAMPLE,"What traceable evidence demonstrates that the outcome/control 'RS.MA-04 - Incidents are escalated or elevated as needed' is implemented or satisfied within the declared scope, and what provenance supports that evidence?",no,not_sampled,not_sampled,not_sampled,not_sampled,not_sampled,AUTHOR_QA_NOT_INDEPENDENTLY_SAMPLED,Not part of the fresh-60 independent semantic sample; structural/reciprocal updates may reflect human-directed changes from sampled endpoints.
NIST-CSF-2.0,RS.MA-05,The criteria for initiating incident recovery are applied,GQM-CSF-090,A.5.25,ImpactLevel,IL_CIA;RRL_PORTFOLIO;TCO_3Y,IncidentResponseEvidence,EvidenceRequirement,,remove_current_metrics,no,1,0,0,INDEPENDENT_FRESH60_ACCEPT,"What traceable evidence demonstrates that the outcome/control 'RS.MA-05 - The criteria for initiating incident recovery are applied' is implemented or satisfied within the declared scope, and what provenance supports that evidence?",yes,accept,yes,yes,yes,retain,RETAINED_AFTER_INDEPENDENT_REVIEW,Independent fresh-60 final decision: accept; no semantic change required from the sampled row.
NIST-CSF-2.0,RS.AN-03,Analysis is performed to establish what has taken place during an incident and the root cause of the incident,GQM-CSF-091,A.5.25;A.5.27,ImpactLevel,IL_CIA;RRL_PORTFOLIO;TCO_3Y,IncidentResponseEvidence,EvidenceRequirement,,remove_current_metrics,no,2,0,0,NOT_IN_FRESH60_INDEPENDENT_SAMPLE,"What traceable evidence demonstrates that the outcome/control 'RS.AN-03 - Analysis is performed to establish what has taken place during an incident and the root cause of the incident' is implemented or satisfied within the declared scope, and what provenance supports that evidence?",no,not_sampled,not_sampled,not_sampled,not_sampled,not_sampled,AUTHOR_QA_NOT_INDEPENDENTLY_SAMPLED,Not part of the fresh-60 independent semantic sample; structural/reciprocal updates may reflect human-directed changes from sampled endpoints.
NIST-CSF-2.0,RS.AN-06,"Actions performed during an investigation are recorded, and the records' integrity and provenance are preserved",GQM-CSF-092,A.5.28,ImpactLevel,IL_CIA;RRL_PORTFOLIO;TCO_3Y,IncidentResponseEvidence,EvidenceRequirement,,remove_current_metrics,no,1,0,0,INDEPENDENT_FRESH60_ACCEPT,"What traceable evidence demonstrates that the outcome/control 'RS.AN-06 - Actions performed during an investigation are recorded, and the records' integrity and provenance are preserved' is implemented or satisfied within the declared scope, and what provenance supports that evidence?",yes,accept,yes,yes,yes,retain,RETAINED_AFTER_INDEPENDENT_REVIEW,Independent fresh-60 final decision: accept; no semantic change required from the sampled row.
NIST-CSF-2.0,RS.AN-07,"Incident data and metadata are collected, and their integrity and provenance are preserved",GQM-CSF-093,A.5.28,ImpactLevel,IL_CIA;RRL_PORTFOLIO;TCO_3Y,IncidentResponseEvidence,EvidenceRequirement,,remove_current_metrics,yes,1,1,1,INDEPENDENT_FRESH60_ACCEPT,"What traceable evidence demonstrates that the outcome/control 'RS.AN-07 - Incident data and metadata are collected, and their integrity and provenance are preserved' is implemented or satisfied within the declared scope, and what provenance supports that evidence?",yes,accept,yes,yes,yes,retain,RETAINED_AFTER_INDEPENDENT_REVIEW,Independent fresh-60 final decision: accept; no semantic change required from the sampled row.
NIST-CSF-2.0,RS.AN-08,An incident's magnitude is estimated and validated,GQM-CSF-094,A.5.25,ImpactLevel,IL_CIA;RRL_PORTFOLIO;TCO_3Y,IncidentResponseEvidence,EvidenceRequirement,IL_CIA,partial_replace,no,1,0,0,NOT_IN_FRESH60_INDEPENDENT_SAMPLE,"What traceable evidence demonstrates that the outcome/control 'RS.AN-08 - An incident's magnitude is estimated and validated' is implemented or satisfied within the declared scope, and what provenance supports that evidence?",no,not_sampled,not_sampled,not_sampled,not_sampled,not_sampled,AUTHOR_QA_NOT_INDEPENDENTLY_SAMPLED,Not part of the fresh-60 independent semantic sample; structural/reciprocal updates may reflect human-directed changes from sampled endpoints.
NIST-CSF-2.0,RS.CO-02,Internal and external stakeholders are notified of incidents,GQM-CSF-095,A.5.26,ImpactLevel,IL_CIA;RRL_PORTFOLIO;TCO_3Y,IncidentResponseEvidence,EvidenceRequirement,,remove_current_metrics,no,1,0,0,NOT_IN_FRESH60_INDEPENDENT_SAMPLE,"What traceable evidence demonstrates that the outcome/control 'RS.CO-02 - Internal and external stakeholders are notified of incidents' is implemented or satisfied within the declared scope, and what provenance supports that evidence?",no,not_sampled,not_sampled,not_sampled,not_sampled,not_sampled,AUTHOR_QA_NOT_INDEPENDENTLY_SAMPLED,Not part of the fresh-60 independent semantic sample; structural/reciprocal updates may reflect human-directed changes from sampled endpoints.
NIST-CSF-2.0,RS.CO-03,Information is shared with designated internal and external stakeholders,GQM-CSF-096,A.5.26,ImpactLevel,IL_CIA;RRL_PORTFOLIO;TCO_3Y,IncidentResponseEvidence,EvidenceRequirement,,remove_current_metrics,no,1,0,0,INDEPENDENT_FRESH60_ACCEPT,"What traceable evidence demonstrates that the outcome/control 'RS.CO-03 - Information is shared with designated internal and external stakeholders' is implemented or satisfied within the declared scope, and what provenance supports that evidence?",yes,accept,yes,yes,yes,retain,RETAINED_AFTER_INDEPENDENT_REVIEW,Independent fresh-60 final decision: accept; no semantic change required from the sampled row.
NIST-CSF-2.0,RS.MI-01,Incidents are contained,GQM-CSF-097,A.5.26,ImpactLevel,IL_CIA;RRL_PORTFOLIO;TCO_3Y,IncidentResponseEvidence,EvidenceRequirement,,remove_current_metrics,no,1,0,0,NOT_IN_FRESH60_INDEPENDENT_SAMPLE,"What traceable evidence demonstrates that the outcome/control 'RS.MI-01 - Incidents are contained' is implemented or satisfied within the declared scope, and what provenance supports that evidence?",no,not_sampled,not_sampled,not_sampled,not_sampled,not_sampled,AUTHOR_QA_NOT_INDEPENDENTLY_SAMPLED,Not part of the fresh-60 independent semantic sample; structural/reciprocal updates may reflect human-directed changes from sampled endpoints.
NIST-CSF-2.0,RS.MI-02,Incidents are eradicated,GQM-CSF-098,A.5.26,ImpactLevel,IL_CIA;RRL_PORTFOLIO;TCO_3Y,IncidentResponseEvidence,EvidenceRequirement,,remove_current_metrics,no,1,0,0,NOT_IN_FRESH60_INDEPENDENT_SAMPLE,"What traceable evidence demonstrates that the outcome/control 'RS.MI-02 - Incidents are eradicated' is implemented or satisfied within the declared scope, and what provenance supports that evidence?",no,not_sampled,not_sampled,not_sampled,not_sampled,not_sampled,AUTHOR_QA_NOT_INDEPENDENTLY_SAMPLED,Not part of the fresh-60 independent semantic sample; structural/reciprocal updates may reflect human-directed changes from sampled endpoints.
NIST-CSF-2.0,RC.RP-01,The recovery portion of the incident response plan is executed once initiated from the incident response process,GQM-CSF-099,A.5.26,ImpactLevel,IL_CIA;RRL_PORTFOLIO;TCO_3Y,ContinuityResilienceEvidence,EvidenceRequirement,,remove_current_metrics,no,1,1,0,INDEPENDENT_FRESH60_ACCEPT,"What traceable evidence demonstrates that the outcome/control 'RC.RP-01 - The recovery portion of the incident response plan is executed once initiated from the incident response process' is implemented or satisfied within the declared scope, and what provenance supports that evidence?",yes,accept,yes,yes,yes,retain,RETAINED_AFTER_INDEPENDENT_REVIEW,Independent fresh-60 final decision: accept; no semantic change required from the sampled row.
NIST-CSF-2.0,RC.RP-02,"Recovery actions are selected, scoped, prioritized, and performed",GQM-CSF-100,A.5.26,ImpactLevel,IL_CIA;RRL_PORTFOLIO;TCO_3Y,ContinuityResilienceEvidence,EvidenceRequirement,,remove_current_metrics,no,1,1,0,NOT_IN_FRESH60_INDEPENDENT_SAMPLE,"What traceable evidence demonstrates that the outcome/control 'RC.RP-02 - Recovery actions are selected, scoped, prioritized, and performed' is implemented or satisfied within the declared scope, and what provenance supports that evidence?",no,not_sampled,not_sampled,not_sampled,not_sampled,not_sampled,AUTHOR_QA_NOT_INDEPENDENTLY_SAMPLED,Not part of the fresh-60 independent semantic sample; structural/reciprocal updates may reflect human-directed changes from sampled endpoints.
NIST-CSF-2.0,RC.RP-03,The integrity of backups and other restoration assets is verified before using them for restoration,GQM-CSF-101,A.8.13,ImpactLevel,IL_CIA;RRL_PORTFOLIO;TCO_3Y,ContinuityResilienceEvidence,EvidenceRequirement,,remove_current_metrics,no,1,0,0,INDEPENDENT_FRESH60_ACCEPT,"What traceable evidence demonstrates that the outcome/control 'RC.RP-03 - The integrity of backups and other restoration assets is verified before using them for restoration' is implemented or satisfied within the declared scope, and what provenance supports that evidence?",yes,accept,yes,yes,yes,retain,RETAINED_AFTER_INDEPENDENT_REVIEW,Independent fresh-60 final decision: accept; no semantic change required from the sampled row.
NIST-CSF-2.0,RC.RP-04,Critical mission functions and cybersecurity risk management are considered to establish post-incident operational norms,GQM-CSF-102,,ImpactLevel,IL_CIA;RRL_PORTFOLIO;TCO_3Y,ContinuityResilienceEvidence,EvidenceRequirement,IL_CIA,partial_replace,yes,0,0,0,NOT_IN_FRESH60_INDEPENDENT_SAMPLE,"What traceable evidence demonstrates that the outcome/control 'RC.RP-04 - Critical mission functions and cybersecurity risk management are considered to establish post-incident operational norms' is implemented or satisfied within the declared scope, and what provenance supports that evidence?",no,not_sampled,not_sampled,not_sampled,not_sampled,not_sampled,AUTHOR_QA_NOT_INDEPENDENTLY_SAMPLED,Not part of the fresh-60 independent semantic sample; structural/reciprocal updates may reflect human-directed changes from sampled endpoints.
NIST-CSF-2.0,RC.RP-05,"The integrity of restored assets is verified, systems and services are restored, and normal operating status is confirmed",GQM-CSF-103,A.5.26,ImpactLevel,IL_CIA;RRL_PORTFOLIO;TCO_3Y,ContinuityResilienceEvidence,EvidenceRequirement,,remove_current_metrics,no,1,0,0,NOT_IN_FRESH60_INDEPENDENT_SAMPLE,"What traceable evidence demonstrates that the outcome/control 'RC.RP-05 - The integrity of restored assets is verified, systems and services are restored, and normal operating status is confirmed' is implemented or satisfied within the declared scope, and what provenance supports that evidence?",no,not_sampled,not_sampled,not_sampled,not_sampled,not_sampled,AUTHOR_QA_NOT_INDEPENDENTLY_SAMPLED,Not part of the fresh-60 independent semantic sample; structural/reciprocal updates may reflect human-directed changes from sampled endpoints.
NIST-CSF-2.0,RC.RP-06,"The end of incident recovery is declared based on criteria, and incident-related documentation is completed",GQM-CSF-104,A.5.27;A.8.13,ImpactLevel,IL_CIA;RRL_PORTFOLIO;TCO_3Y,ContinuityResilienceEvidence,EvidenceRequirement,,remove_current_metrics,no,2,0,0,NOT_IN_FRESH60_INDEPENDENT_SAMPLE,"What traceable evidence demonstrates that the outcome/control 'RC.RP-06 - The end of incident recovery is declared based on criteria, and incident-related documentation is completed' is implemented or satisfied within the declared scope, and what provenance supports that evidence?",no,not_sampled,not_sampled,not_sampled,not_sampled,not_sampled,AUTHOR_QA_NOT_INDEPENDENTLY_SAMPLED,Not part of the fresh-60 independent semantic sample; structural/reciprocal updates may reflect human-directed changes from sampled endpoints.
NIST-CSF-2.0,RC.CO-03,Recovery activities and progress in restoring operational capabilities are communicated to designated internal and external stakeholders,GQM-CSF-105,A.5.26,ImpactLevel,IL_CIA;RRL_PORTFOLIO;TCO_3Y,ContinuityResilienceEvidence,EvidenceRequirement,,remove_current_metrics,no,1,0,0,INDEPENDENT_FRESH60_MINOR_REVISION,"What traceable evidence demonstrates that the outcome/control 'RC.CO-03 - Recovery activities and progress in restoring operational capabilities are communicated to designated internal and external stakeholders' is implemented or satisfied within the declared scope, and what provenance supports that evidence?",yes,minor_revision,yes,yes,partial,revise_crosswalk,HUMAN_DIRECTED_REPAIR_IMPLEMENTED,Replaced forensic A.5.28 with incident-response A.5.26.
NIST-CSF-2.0,RC.CO-04,Public updates on incident recovery are shared using approved methods and messaging,GQM-CSF-106,,ImpactLevel,IL_CIA;RRL_PORTFOLIO;TCO_3Y,ContinuityResilienceEvidence,EvidenceRequirement,,remove_current_metrics,yes,0,0,0,NOT_IN_FRESH60_INDEPENDENT_SAMPLE,"What traceable evidence demonstrates that the outcome/control 'RC.CO-04 - Public updates on incident recovery are shared using approved methods and messaging' is implemented or satisfied within the declared scope, and what provenance supports that evidence?",no,not_sampled,not_sampled,not_sampled,not_sampled,not_sampled,AUTHOR_QA_NOT_INDEPENDENTLY_SAMPLED,Not part of the fresh-60 independent semantic sample; structural/reciprocal updates may reflect human-directed changes from sampled endpoints.
